grien	tieng	punngrie	kudzau	doxeng	tyomyun	thytten	thongqitmra
05B98	官	｛官 *kʷˤan 役所、官署｝	null	〈宀（建物）＋𠂤（師団）〉	字源も語源も｛館｝（*Kon）とは関係がない。	Baxter 1992: 382	U+5B98
0758F	疏	｛疏 *sra 通る、通す｝	表音文字「疋 Sa」＋意味分類符「(流→)㐬(→束)」	null	「㐬」は「流」の略体で、漢代に“束”形に変化した。	王貴元《漢墓帛書字形辨析三則》	U+758F
05C07	將	｛將 *tsaŋ すすめる、ささげる｝	表語文字「𢌳(→寽)」＋注音符「爿 TSaŋ」	祭肉を捧げる形		王子楊2014	U+5C07
04FE1	信	｛信 *s-niŋ-s まこと｝	表音文字「人」＋意味分類符「言」	null	戦国時代には表音文字「千 Niŋ」「身 Niŋ」「仁 Niŋ」に従う字も用いられた。\nなお「人の言葉は云々」「神への誓いが云々」「受刑者が云々」の類の説明はみな根拠のない誤説。	王國維《桐鄉徐氏印譜序》、方國瑜《字説（六則）》	U+4FE1
04E58	乘	｛乘 *Cə-ləŋ のる｝	null	木に乗った人の形		王國維1917、陳煒湛《古文字趣談・爬樹英雄》	U+4E58
080B2	育	｛冑 *lru-s かぶと｝	表音文字「由 Lu」＋意味分類符「冃」	null	「冑」字の分化字。殷墟甲骨文や西周金文では、母親が子を産む形の｛育｝の象形字「毓」が用いられている。	王國維1917、劉釗2022b	U+80B2
091D1	金	｛金 *k(r)um かね、金属｝	表音文字「今 Kum」＋意味分類符「火」＋意味分類符「吕」	null	「今 + 火」とされている部分ははっきりとわかっていない。「吕」は｛鋁｝の表語文字（金塊の形）に由来。	黄天樹《花園莊東地甲骨中所見的若干新資料》	U+91D1
06B21	次	null	null	null	息を出す人の形。本義は不明で、一説に｛咨 *[ts]ij 嘆息｝の表語文字。なお「二」と関連付けるのは誤り。	黄德寛《古文字譜系疏證》	U+6B21
05BE1	寡	｛寡 *kʷˤraʔ 孤立、孤独｝	表音文字「𪟊 Kʷa」＋意味分類符「宀」	null	「𪟊」は｛顧｝の表語文字（後ろをふりかえる人の形）に由来。	黄德寬《關於古代漢字字際關係的確定》	U+5BE1
06240	所	null	null	null	殷墟甲骨文中の「肩＋斤」からなる字が初形と思われるが、本義は不明。木を斬る擬音を「所所」と書く例があり、関係あるかもしれない。\n表音文字「戸」に従うとする説はおそらく誤り。	何景成《釋“花東”卜辭的“所”》、張富海2017b	U+6240
07D76	絶	｛絶 *dzot 断ち切る｝	表語文字「糿」＋注音符「卩 !TSit」	糸を刀で切る形	「糸を刀で切る」等の意味があるとする説明は望形生訓の誤り。	何琳儀《戰國文字通論・餘論》、裘錫圭1998b	U+7D76
0559C	喜	｛喜 *qʰ(r)əʔ たのしむ｝	null	null	「壴」（太鼓の形）と飾符（あるいは意味分類符）「口」からなる表語文字と思われる。	何琳儀1998	U+559C
07E7C	繼	｛繼 *[k]ˤek-s つぐ、つづく｝	表語文字「㡭」＋意味分類符「糸」	糸がつながった形。「断」とは無関係。		何琳儀1998	U+7E7C
0770B	看	｛看 *kʰˤa[r] 見る｝	表音文字「㫃 Kar」＋意味分類符「目」	null	「手」形は「㫃」が変化したもの。	何琳儀1998: 966	U+770B
05411	向	｛響 *qʰaŋʔ ひびき｝	null	〈宀（建物の形）＋口（音や声を表す）〉屋内で出した音声が響く形		概要	U+5411
080C3	胃	｛胃 *ɢʷə[t]-s 胃｝	表語文字「𡇒(→田)」＋意味分類符「肉(→月)」	胃の形	上部は後に「田」形に変化した。	概要P122	U+80C3
09006	逆	｛逆 *ŋrak むかえる｝	表音文字「屰 NGak」＋意味分類符「辵(→辶)」	null	なお「屰」は｛逆 *ŋrak さかさ｝の表語文字（人が天地逆になった形）。	概要P123	U+9006
04F11	休	｛庥 *qʰ(r)u 木陰｝	null	〈人＋𥝌〉人が木陰で休んでいる形	「𥝌」旁は後に「木」形に変化した。	概要P141、王子楊2016b	U+4F11
07518	甘	｛甘 *Nə-gˤəm 口に含む｝	null	口に物を含む形		概要P146、裘錫圭1988a(6)	U+7518
07D20	素	｛索 *[s]ˤak 縄、縄をよる｝	null	端を縛った縄の形。「索」字と同一字だったが、秦漢代に分化した。	なお「𠂹＋糸」のような説明は古文字字形と整合しない誤説。	郭永秉＆鄔可晶2012	U+7D20
07D22	索	｛索 *[s]ˤak 縄、縄をよる｝	null	端を縛った縄の形。		郭永秉＆鄔可晶2012	U+7D22
05272	割	｛割 *kˤat 断つ｝	表音文字「害 Kat」＋意味分類符「刀」	null	殷墟甲骨文や初期の西周金文には、表語文字「𫦎」（索＋刀；糸を断ち切る形）が見られる。	郭永秉＆鄔可晶2012、鄔可晶2018a	U+5272
06D89	涉	｛涉 *dep わたる｝	null	川を渡る足の形	「水」と「歩」に分解して「歩いて水を渡る」のように説明するのは看図説話の誤説。	郭永秉2014	U+6D89
07A57	穗	｛穗 *s-ɢʷit-s ほ｝	表音文字「惠 Qʷit」＋意味分類符「禾」	null	殷墟甲骨文中に見られる｛穗｝の表語文字（実を付けた稲の形）は、表音文字として「季」字に含まれる。	郭小武《古文字考釋五題》、鄔可晶2019a	U+7A57
0594F	奏	｛奏 *tsˤo(ʔ)-s すすめる、献上する｝	〈𠦪＋𠬞〉植物を差し出す形	null		郭沫若《殷契粹編考釋》、屈萬里《殷虚文字甲編考釋》	U+594F
05E72	干	｛干 *kˤar 盾｝	null	上部に装飾のある盾。中央部は省略されてただの横画になった。	意味分類符として「博」字に含まれる。「二叉の枝・棒・狩獵具の形」の類は誤説。	郭沫若1932: 188、大系録P169、李孝定1964、林澐2000、蘇建洲2021	U+5E72
09999	香	｛香 *qʰaŋ かおり、かおる｝	null	null	「黍」（のち“禾”に変化）と飾符「口」（後に「甘」、楷書では“曰”形に変化）からなる字。	郭沫若1933	U+9999
06703	會	null	null	null	「𡆧」と表音文字「合 Kop」からなる字と思われるが、「𡆧」旁は他には見られず本義不明（一説に｛𨭗｝の表語文字）。下部は後に「云」形に変化した。	季旭昇《甲骨文字根研究》	U+6703
06731	朱	null	null	null	｛株 *tro 木の根｝の表語文字という説と、「束」字から分化した字たいう説がある。	季旭昇《釋朱》	U+6731
0756B	畫	｛畫 *gʷˤrek 描く｝	表語文字「乂」＋意味分類符「聿」＋意味分類符「周」	古代のコンパスの形	「画」字は「畫」の上部を省略した字。	金祥恒《説卜辭中之子畫》、孫常敘1982	U+756B
04EE5	以	｛以 *ləʔ ひきいる、もちいる｝	null	人が物を携える形	「㠯」は人体部分を省略した簡体。「以」形は初形には直接由来せず、戦国時代に「㠯」に意味分類符「人」を添加してできたものかもしれない。	金祥恒《釋㠯》、裘錫圭1982(2)	U+4EE5
053EF	可	｛柯 *kˤaj 斧の柄｝	表語文字「𠀀」＋飾符「口」	斧の柄の形		屈萬里《殷墟文字甲編考釋》、高嶋謙一『「河」の語源と中國古文字學』	U+53EF
0810A	脊	｛脊 *tsek 背骨｝	表音文字「朿 TSek」＋意味分類符「肉」	null	上部を「背骨の形」とする説もあるが根拠は弱い。	構形學P213、翟春龍《釋𠦬新舊二説辨正》、鄔可晶2018c	U+810A
05408	合	｛合 *kˤop あう｝	二つの口が向かい合った形	null		構形學P49	U+5408
06A02	樂	｛樂 *ŋ-rˤawk 音楽、楽器｝	表語文字「⿱𢆶木」＋注音符「白 !Rak」	木に糸を張った弦楽器の形	「どんぐり」「鈴」の類の説明は看図説話の誤り。「音楽」の意味が転じて「楽しい」になったという説明は誤り。	構形學P80	U+6A02
06B63	正	｛征 *teŋ うつ、討伐する｝	表音文字「丁 Teŋ」＋意味分類符「止」	null	「一＋止」とする説明は古文字字形と整合しない誤説。	構形學P93	U+6B63
06CB3	河	｛河 *gˤaj 川、黄河｝	表音文字「可 Kaj」＋意味分類符「水」	null	早期の殷墟甲骨文では表音文字「𠀀 Kaj」（｛柯｝の表語文字に由来）に従う字が、晩期殷墟甲骨文と西周金文では表音文字「何* Kaj」（｛荷｝の表語文字に由来）に従う字が、｛河｝に用いられている。	高嶋謙一『「河」の語源と中國古文字學』	U+6CB3
0771F	真	｛珍 *tri[ŋ] たから、貴重｝	表音文字「𠂈(→匕) Tiŋ」＋意味分類符「貝」＋注音符「丁(→一) Teŋ」＋飾符「八」	null	「𠂈」は｛顛 *tˤi[ŋ] たおれる｝の表語文字（「人」の倒文）に由来。\nなお「行き倒れた死体が云々」や「さじで鼎に詰める」の類の説明は誤り。	謝明文2014	U+771F
09858	願	｛元 *ŋor あたま｝	表音文字「(𥆞→)𡚇 NGon」＋意味分類符「頁」。漢代に「𡚇」は「原」形に変化した。	null	なお、戦国時代の楚では「願欲」の｛願｝には「𫹵」字が用いられた。	謝明文2016b、蘇芃2017	U+9858
05F31	弱	｛弱 *newk よわい｝	表音文字「㳮 Newk」＋意味分類符「弓」	null	「㳮」は｛尿｝の表語文字（尿を出す人の形）＋意味分類符「水」からなる字に由来。のちに内的類推により「“𢎥”×2」の形に変化した。	謝明文2017a、鄔可晶2021b	U+5F31
06613	易	｛賜 *s-lek-s たまう｝｛錫 *s-lˤek たまう｝	null	盤から水を注ぐ形		謝明文2019b	U+6613
076CA	益	｛益 *qik 増える｝	null	〈水＋皿〉水を容器に加えた形	｛溢｝を本義とする説もあるが、｛益｝と｛溢｝は声母が異なり、また「溢」字の右部と「益」字は別字と思われる。	謝明文2019b、張鑫裕《漢碑字詞零釋及相關問題研究》	U+76CA
08CCA	賊	｛賊 *kə-dzˤək こわす、傷つける｝	表語文字「戝」＋意味分類符「刀」	戈で貝を傷つける形	のちに「貝＋刀」部分は「則 TSək」に音化した。	謝明文2020	U+8CCA
0516C	公	｛瓮 *qˤoŋ-s かめ｝	null	容器の形		朱芳圃《殷周文字釋叢》、裘錫圭2003、謝明文2012: 366-368	U+516C
066FE	曾	｛甑 *[ts]əŋ-s こしき｝	表語文字「𬎿」＋飾符「口(→日)」	こしきの形		朱芳圃《殷周文字釋叢》P102	U+66FE
090ED	郭	｛郭 *kʷˤak くるわ、外城｝	表語文字「𩫏」＋意味分類符「邑」	城牆の形		朱德熙1983(4)	U+90ED
051A0	冠	｛冠 *kˤor かんむり｝	表音文字「元 NGor」＋意味分類符「冃」＋意味分類符「寸」	null	象形字とされているが、形声字と解釈すべきである。甲骨文字の「冠」とされている文字は「冃」ではなく「口」に従うため別字かもしれない。	朱德熙等1995: 127	U+51A0
04E89	争	｛争 *tsˤreŋ あらそう｝	null	向かい合った手が1つのものを取り合う形	金文の字形は「力」（農具の形）に似ているものの、おそらく関係はない。	朱歧祥《説“争”》、賈文《説甲骨文“争”》、劉洪濤《説“争”“静”是“耕”的本字》	U+4E89
07570	異	null	null	null	異形の者（鬼）が手を挙げている形と思われる。｛戴｝の表語文字とする説もあるが声母が異なる。	周忠兵《説古文字中的“戴”字及相關問題》	U+7570
07126	焦	｛鷦 *tsew 小鳥、特にミソサザイ｝	表音文字「小(→灬) (T)Sew」＋意味分類符「隹」	null	｛焦 *tsew こがす、焼く｝は仮借。	周忠兵《釋甲骨文中的“焦”》	U+7126
0907A	遺	｛遺 *lujs 送る｝	表音文字「貴* Luj」＋意味分類符「辵(→辶)」	null	「貴*」字は両手から物が落ちる形の表語文字に由来し、「貴重」の「貴」字とは別字。	徐寶貴2008a(2)	U+907A
089E3	解	｛解 *kˤreʔ とく、わける｝	null	〈角＋刀＋牛〉刀を使って牛の頭部から角を分解する形	西周金文では、刀でなく両手を使った形の字が用いられている。「刀」は刀ではなくこの手の形に由来する可能性もある。\nなお「刀で牛の角を分ける」の意味があるとするのは望形生訓の誤り。	商承祚《殷虚文字類編》	U+89E3
04F55	何	｛荷 *gˤajʔ 運ぶ、担う｝	表語文字「何*」＋飾符「口」	人が物を担いでいる形	字の右部は後に声符「可 Kaj」に変化した。	商承祚《殷契佚存考釋》、高嶋謙一『「河」の語源と中國古文字學』	U+4F55
065A5	斥	｛宅 *m-tˤak 住居、すまい｝	表音文字「乇 Tak」＋意味分類符「广」	null	「宅」の異体字「㡯」から分化した字。「广」はあるいは注音符「厂 Tak」かもしれない。\nなお「訴」「泝」の旁は無関係の別字。	新證	U+65A5
0696D	業	｛業 *[ŋ](r)ap 木の板｝	null	鐘などの楽器を吊るす器具の形	西周金文には表音文字「去* Kap」（｛蓋｝の表語文字で、「去来」の「去」とは別字）を加えた字も見られる。	曾憲通1992、2015: 17	U+696D
054E1	員	｛圓 *ɢʷen まるい｝	表語文字「〇」＋意味分類符「鼎」	null	「〇」に、まるい物の象徴である「鼎」を加えた字。「圓」字はさらに「囗」を加えた分化字で、「円」字はその中央部を縦棒に省略した字。なお、「まるい鼎」等の意味があるとするのは望形声訓。	孫海波《卜辭文字小記》	U+54E1
05247	則	｛則 *tsˤək のっとる、模範｝	null	〈鼎＋刀〉模範となる鼎と、鼎を制作する彫刻刀		孫常敘1982	U+5247
05CB3	岳	｛岳 *ŋˤrok たけ、高い山｝	null	null	「NGok」の表音文字＋意味分類符「山」からなる。表音文字の由来は不明。上部は後に「丘」形に変化した。	孫詒讓《契文舉例二卷》	U+5CB3
0820A	舊	｛舊 *gʷəʔ-s ミミズク｝	null	〈隹／雈（鳥の形）＋凵（罠）〉おとりの鳥の形。「凵」は後に表音文字「臼 Kʷə」に変化した。「旧」は「舊」の上部を省略した字。	かつてフクロウ科の鳥はおとりに用いられた。	孫雍長2006	U+820A
05B9B	宛	｛館 *kˤorʔ-s やかた、やどる｝	表音文字「夗 Kon」＋意味分類符「宀」	null	西周金文に本義の用例がある。「館」字は「官」を声符とする後起形声字。なお「屋内で丸くなる」意味があるとするのは望形生訓。	大系録（𡩝鼎）、劉釗1996b、鄔可晶2021a	U+5B9B
05B9C	宜	｛宜 *ŋ(r)aj 料理、酒のさかな｝	null	〈且＋肉〉まな板の上にのせた肉の形。隷変でまな板の上部が“宀”形になり、肉とまな板の下部が“且”形になった。	《詩・鄭風・女曰雞鳴》「與子宜之」等に本義での用法がある。	大系録P2、曾憲通1997、陳劍2008b	U+5B9C
05371	危	｛跪 *[g](r)ojʔ ひざまづく｝	表音文字「厃 (N)Koj」＋意味分類符「卩」	null	なお「厃」は｛危｝の表語文字（人が山・崖の上にいる形）。\n戦国六国では「人 + 山」からなる字が｛危｝に、「卩 + 土」からなる字が｛跪｝に用いられている。	大西克也2003	U+5371
05C09	尉	｛熨 *ʔut 火のし｝	「𡰥？」＋意味分類符「火(→小)」＋意味分類符「寸」	null	戦国古璽では「厃」字が｛尉｝に用いられており、「𡰥」の部分は「厃」の変形なのかもしれない。	大西克也2003	U+5C09
09020	造	｛造 *(mə-)tsʰˤuʔ-s 至る、行く｝	表音文字「告* TSu」＋意味分類符「辵(→辶)」	null	「告*」は「屮」（｛草｝の表語文字）に飾符「口」を加えた字で、告白の「告」字とは無関係の別字。	大西克也2006、陳劍2006a	U+9020
0592E	央	null	null	null	本義・構意は不明。｛殃｝の表語文字（首に刑具のようなものを取り付けられた人の形）とする説が一般的となっている。	丁山《甲骨文所見氏族及其制度》	U+592E
04E5D	九	｛九 *ku 9｝	表音文字「寸* Ku」	null	「寸*」字は｛肘 *t-kruʔ ひじ｝の表語文字。「九」字は図形の手の部分が簡略化されて分化した字。「竜の形」「屈曲のさま」の類は根拠の無い誤説。	丁山1928、明義士1935	U+4E5D
06562	敢	｛掩 *qramʔ おそいかかる、突然襲撃する｝	null	〈豕＋𰅱＋又〉動物を網で捕らえる形	殷墟甲骨文では本義で用いられている。	丁驌1985、陳絜2006、宋雅萍2011、謝明文2012: 271、黄天樹2015、陳劍2020b	U+6562
07E23	縣	｛懸 *Cə-[g]ʷˤe[n] かける、つるす｝	首をつるした形	null	「県」字は、「縣」の「系」を省略した字。	張惟捷《論殷卜辭中的“縣”字》	U+7E23
05916	外	｛外 *ŋʷˤat-s そと｝	表語文字「卜*」＋注音符「月 NGʷat」	縦線の外側に枝を書いた形	「占卜」の「卜」字とは無関係。	張玉春《説外》、林澐1998a	U+5916
0865F	號	｛號 *gˤaw さけぶ｝	null	null	表音文字「丂」と意味分類符「口」からなる字と思われるが、資料が少なく詳細は不明。	張世超《金文考釋二題》《金文“號”字再考》、林澐1990	U+865F
05B54	孔	｛㝅 *[k]ˤok-s やしなう｝	乳を飲む子の形	null		張富海2017a	U+5B54
091CD	重	｛重 *N-troŋ おもい｝	null	人が荷物を背負っている形	荷物は「東 Toŋ」に音化した。あるいは「東」が「重」の略体に由来するという説もある。	張富海2017a	U+91CD
06BC1	毁	｛毀 *qʷʰrajʔ 壊す、傷つける｝	null	〈臼?＋土＋殳〉物を壊す形と思われる。「人を殴る形」は誤説。		張富海2021a	U+6BC1
07B4B	筋	null	null	null	表音文字「⿰肉刀(→肋)」？＋意味分類符「竹」からなると考えられるが「⿰肉刀」の由来は不明。戦国時代に存在した「簡」の異体字に関連する可能性もあるが、韻が異なる。	張麗娜＆李春桃《古文形体釋讀（五篇）》	U+7B4B
0795D	祝	｛祝 *tuk いのる｝	表語文字「兄*」＋意味分類符「主(→礻)」	口を強調した座った人の形。兄弟の「兄」（口を強調した立った人の形）とは無関係。殷墟甲骨文では「丮 Tuk」＋意味分類符「口」からなる字も｛祝｝に用いられた。		沈培《説古文字裏的“祝”及相關之字》、謝明文2018	U+795D
07591	疑	｛㘈 *[ŋ](r)ək 若く賢い｝	表音文字「𠤗 NGə」＋意味分類符「子」	null	「𠤗」は｛疑 *[ŋ](r)ə 疑う｝の表語文字（杖をついて後ろを振り返り道に惑う人の形）。「止」は杖の形の変形で分類符ではない。	陳志向2017、顧王樂2020、石繼承2021	U+7591
06CE3	泣	｛泣 *k-r̥əp なく｝	表音文字「立 Rəp」＋意味分類符「水」	null	「なお「眔」字は｛泣｝の表語文字（目から涙を流す形）。「泣」字はその後起形声字。	陳斯鵬2004	U+6CE3
0544A	告	null	null	null	「壴」（物事を知らせる太鼓の形）の略体と飾符「口」からなる｛告｝の表語文字と思われる。また「舌」を変形した字という説もある。	陳美蘭《説“告”》	U+544A
0614E	慎	｛慎 *[d]i[n]-s つつしむ｝	表音文字「真 Tin」＋意味分類符「心(→忄)」	null	先秦時代は表音文字「斦 Tin」＋意味分類符「心」または「言」からなる字が｛慎｝に用いられた。	陳劍2001b	U+614E
05C0F	小	｛小 *sewʔ ちいさい｝	null	小さい物体の形	秦以前は「小」字と「少」字は区別されず、どちらの字も｛小｝｛少｝｛沙｝に用いられた。秦で「小」字を｛小｝に、「少」字を｛少｝に、区別してあてるようになった。	陳劍2004	U+5C0F
05C11	少	｛少 *s-tewʔ すくない｝	null	小さい物体の形	秦以前は「小」字と「少」字は区別されず、どちらの字も｛小｝｛少｝｛沙｝に用いられた。秦で「小」字を｛小｝に、「少」字を｛少｝に、区別してあてるようになった。	陳劍2004	U+5C11
05E78	幸	null	null	null	「犬」と「矢」の倒文とに従う字だが、本義は不明。\n「早死にが云々」「手枷が云々」の類は根拠のない誤り。	陳劍2005a	U+5E78
05B89	安	｛安 *ʔˤan すわる、とまる｝	表語文字「⿻女丶(→女)」＋意味分類符「宀」	人が座っている形	「女性が家の中で～」の類は看図説話。	陳劍2005b	U+5B89
08349	草	｛草 *tsʰˤuʔ くさ｝	表音文字「早 TSu」＋意味分類符「艸(→艹)」	null	「屮/艸」字は｛草｝の表語文字。「草」は後起形声字。	陳劍2006a	U+8349
07686	皆	｛諧 *gˤrəj かなう｝	null	null	「虍」と「歹」（農具の形で協力を表す）からなる会意字に、飾符「口」を加え、上部を省略した（或いは「从」に換えた）字。「口（甘）」旁は後に「白」形に変化した。	陳劍2006b、沈建華《釋卜辭“協”及有關字》	U+7686
07A31	稱	null	null	null	「爯」に意味分類符「禾」を加えた字だが、「爯」の由来は不明。殷墟甲骨文では、旗を持ち上げる形の字も用いられている。	陳劍2007b	U+7A31
05C1A	尚	｛堂 *dˤaŋ たてもの｝	表語文字「冂」＋飾符「八」＋飾符「口」	建物の形。	「八 + 向」とする説は後代の字形に基づく誤り。	陳劍2008a	U+5C1A
053E0	叠	｛疊 *lˤip かさなる、かさねる｝	表音文字「𫦄(→冝) Lip」＋意味分類符「晶」	null	「𫦄」は｛肆｝の表語文字に由来。「疊」字は、「𠠯」字の「刀」を省略したもの、「畳」字はさらにその中部を省略したもの。	陳劍2008b	U+53E0
09038	逸	｛逸 *[l]i[k] 逃げ去る｝	表音文字「(𬌍→)兔(→免) Lik」＋意味分類符「辵(→辶)」	null	「𬌍」は｛肆｝の表語文字に「兔」を加えた繁体。	陳劍2008b、蘇建洲2017	U+9038
06BBA	殺	｛殺 *sˤrat ころす｝	null	〈虫＋攴〉小動物を叩き殺す形	殷墟甲骨文には「卩＋攴」からなる字体や「豕＋攴」からなる字体も見られる。	陳劍2012、劉雲《釋“殺”及相關諸字》	U+6BBA
0958B	開	｛啓 *kʰˤeʔ ひらく｝	表音文字「开 Ke」＋意味分類符「門」	null	「开」は｛笄｝の表語文字に由来。発音は秦・漢代頃に韻が｛闓｝の影響で変化した。	陳劍2015a、張富海2018	U+958B
05434	吴	null	null	null	不明。人の顎の部分を○印で示した｛胡｝の表語文字という説がある。	陳劍2017a	U+5434
0898F	規	｛規 *kʷe コンパス｝	表音文字「(𧠹→)見 Kʷe」？＋意味分類符「(矩→)矢」	null	表音文字「圭 Kʷe」に従う「𧠹」字（本義は｛窺｝）の左部を「矢」（「矩」の略体）に換えた字と思われる。\n甲骨文の「乂」字は｛規｝の表語文字（古代のコンパスの形）。	陳劍2017b	U+898F
06614	昔	｛昔 *sak むかし｝	表音文字「𠈌 Sak」＋意味分類符「日」	null	「𠈌」は｛錯 *tsʰˤak ギザギザ｝｛皵 *tsʰak しわ｝の表語文字に由来。	陳劍2021	U+6614
08EAB	身	｛身 *n̥iŋ み、からだ｝	null	〈人＋○〉ヒトの身体の部分を○で示したもの	妊娠した人の形とする説明は看図説話の誤り。	通解、新證	U+8EAB
04E3B	主	｛主 *toʔ 神主、位牌｝	null	神主の形	殷墟甲骨文に本義での用例があり、殷墟から神主の実物が出土している。なお「灯火」は根拠のない誤説。	唐蘭《懐鉛隨録（續）》、劉釗1995、方稚松2009	U+4E3B
06176	慶	null	null	null	「廌」と「心」からなる字だが、構意は不明。殷墟甲骨文では「麇」の初文に従う字体も見られる。\n「麇」を表音文字とする説もあるが、韻が異なる。	唐蘭《獲白兕考》	U+6176
053E4	古	｛固 *[k]ˤa-s かたい｝	null	null	固いものの代表である「干」（盾の形）と飾符「口」からなる。	唐蘭《古文字學導論》、裘錫圭1982(3)	U+53E4
065A4	斤	｛斤 *kər おの｝	null	斧の形		唐蘭《古文字學導論》下編P29、于省吾1979: 339	U+65A4
06298	折	｛折 *tet 断つ｝	null	おので木を切断した形	「おので木を切る」等の意味があるとする説明は望形生訓の誤り。	唐蘭《古文字學導論》下編P29、姚孝遂1996、裘錫圭1988a(3)	U+6298
05E7B	幻	｛弦 *[ɢ]ˤi[n] つる｝	〈弓＋○〉弓の弦の部分を○印で示したもの	null	右部はのちに“玄”形に変化した。	唐蘭《殷栔卜辭釋文》、李守奎＆肖攀2015: 179、王子楊2023	U+5E7B
05F26	弦	｛弦 *[ɢ]ˤi[n] つる｝	〈弓＋○〉弓の弦の部分を○印で示したもの	null	右部はのちに“玄”形に変化した。	唐蘭《殷栔卜辭釋文》、李守奎＆肖攀2015: 179、王子楊2023	U+5F26
096EA	雪	｛雪 *sot ゆき｝	表音文字「彗(→彐) Sot」＋意味分類符「雨」	null	「彗」は｛刷 *srot はく｝の表語文字に由来すると思われる。殷墟甲骨文中には｛雪｝に「彗」字が用いられた例もある。\nなお「雪が羽根・箒のように～」の類の説明は看図説話の誤り。	唐蘭1934/2015: (6)38	U+96EA
05BB6	家	｛家 *kˤra 家｝	表音文字「𢑓 Ka」＋意味分類符「宀」	null	「𢑓」は｛豭｝の表語文字に由来。後に「豕」形に変化した。なお「家畜・犠牲の動物が～」の類の説明は看図説話の誤り。	唐蘭1939: 35	U+5BB6
07A6B	穫	｛穫 *ɢʷˤak 刈る、収穫する｝	表音文字「(隻→)蒦 Qʷak」＋意味分類符「禾」	null	甲骨金文では、稲を刈る形の表語文字「⿰禾𬔖」が用いられている。	董珊・陳劍《郾王職壺銘文研究》、劉釗2008(2)、2014a	U+7A6B
05A7F	婿	｛婿 *sˤ[ə]p-s むこ｝	表音文字「咠(→胥) (T)Səp」＋意味分類符「女」	null	「壻」字の意味分類符「士」を「女」に換えたもの。表音文字「胥 Sa」に従うとする説明は誤説。	董珊《秦武公銅器銘文的新發現》、李豪《“壻（婿）”字古音考》	U+5A7F
067D3	染	｛染 *n[a]mʔ そめる、ひたす｝	null	null	表音文字「杂」＋意味分類符「水(→氵)」からなると思われるが、「杂」の由来は不明。「朶 Toj」に由来するとする説もあるが、音韻的に問題がある。	陶安・陳劍《〈奏讞書〉校讀札記》、鄔可晶2016	U+67D3
0793A	示	null	null	null	｛主｝の表語文字「主」（神主・位牌の形）から分化した字という説が定説となっている。あるいは、甲骨文中の「主」字は後の「示」字とは無関係で、「示」字は「主」を意味分類符とする字から分化した字かもしれない。\nなお「祭壇」「机、台」の類は根拠のない誤り。	方稚松2009	U+793A
04E94	五	null	null	null	不明。｛互｝の表語文字という説がある。	方稚松2020	U+4E94
05347	升	null	null	null	不明。量器に物が入っている形とするのが定説となっている。	方稚松2021: 39-44	U+5347
07372	獲	｛獲 *ɢʷrak える、とらえる｝	表語文字「隻(→蒦)」＋意味分類符「犬」	鳥を捕まえる形		楊樹達《積微居小學述林・文字初義不屬初形屬後起字考》	U+7372
05404	各	｛格 *k-rˤak いたる、来る｝	null	〈夂＋凵〉穴居に歩いてくる形		楊樹達《積微居小學述林・釋各》、于省吾1979: 397	U+5404
06676	晶	｛星 *sˤeŋ ほし｝	表語文字「晶」＋注音符「生 Seŋ」	光る星の形		楊樹達《積微居小學述林・釋星》、李學勤《論殷墟卜辭的新星》、黄天樹《讀契雜記（三則）》	U+6676
05553	啓	｛啓 *kʰˤeʔ ひらく、あける｝	表語文字「⿰户又」＋飾符「口」	門を開く形		楊樹達《積微居小學述林・釋启啓》、于省吾1979: 287、楊秀芬《古文字“启”的形義關係研究》	U+5553
098F2	飲	｛飲 *qumʔ 飲む｝	null	酒器中の酒を舌を出して飲む形	表語文字だが、人体部分が注音符「今 Kum」＋意味分類符「欠」に再解釈されて「㱃」の字体となり、さらに「酓」が漢代に意味分類符「食」に換えられた。	葉玉森《説契》、金祥恒《釋酓》、袁倫强《甲骨文“㱃”字補説》	U+98F2
07533	申	｛電 *lˤi[n]-s 稲妻｝	null	稲妻の形		葉玉森《殷虚書契前編集釋》、明義士1935	U+7533
0641C	搜	｛搜 *sru さがす｝	表語文字「叟」＋意味分類符「手(→扌)」	屋内で灯火を持つ形		羅振玉1915	U+641C
06851	桑	｛桑 *[s]ˤaŋ クワ｝	クワの形	null		羅振玉1915	U+6851
07378	獸	｛狩 *s-tuʔ-s かる｝	表語文字「𰡧」＋飾符「口」	〈單（狩猟具）＋犬（狩猟に用いる動物）〉	表音文字「嘼」に従うとするのは誤り。｛獸｝に用いるのは仮借。	羅振玉1915、唐蘭《論周昭王時代的青銅器銘刻・員鼎》	U+7378
04F01	企	｛企 *kʰeʔ-s つまだつ｝	null	人がつまさき立ちして遠くを望む形		羅振玉1915: 58、1927: (2)64、林義光1920、概要P132	U+4F01
05C04	射	｛射 *m-lak-s いる、矢を放つ｝	null	弓で矢を射る形	隷書で弓矢の部分は“身”形に変化した。	羅振玉1927	U+5C04
07F9E	羞	｛羞 *s-nu すすめる、ささげる｝	null	〈羊＋又〉動物を献上する形	下部の「又」は後に「丑 Nu」に音化した。	羅振玉1927	U+7F9E
09DC4	鷄	｛雞 *kˤe ニワトリ｝	null	null	｛雞｝の表語文字（ニワトリの形）に、注音符「奚 Ke」を加えた字。ニワトリの形の部分は後に“鳥”形に変化した。	羅振玉1927	U+9DC4
07232	爲	｛爲 *ɢʷ(r)aj なす｝	null	〈爪＋象〉象に手を加えて使役する形	「動物を使役する」等の意味があるとするのは望形生訓。	羅振玉1927、徐中舒《殷人服象及象之南遷》	U+7232
083EF	華	｛華 *qʷʰˤra 花｝	「𠂹」？＋「于 Qʷa」＋意味分類符「艸」	null	「𠂹」は花を強調した植物の形と考えられているが詳細は不明。「花」は下部を表音文字「化」に換えた簡体。	李桂森・劉洪濤《釋“華”及相關諸字》	U+83EF
05E2B	師	null	null	null	表音文字「帀 Sij」＋注音符「𠂤 Sij」\n殷墟甲骨文では｛師 *srij 軍隊｝には「𠂤」字が、｛師 *srij 技術のある人｝には「帀」字が用いられた。「師」はその混成字。「帀」と「𠂤」のそれぞれの由来は不明。	李守奎＆肖攀2015: 118、方稚松2018	U+5E2B
05F8C	後	｛後 *[ɢ]ˤ(r)oʔ うしろ、あと｝	表語文字「⿱幺夊」＋意味分類符「彳」	〈幺（繋がる家系を表す）＋夊（後退を表す）〉		李守奎＆肖攀2015: 179	U+5F8C
07384	玄	null	null	null	「幺」（糸の形）から分化した字。	李守奎＆肖攀2015: 179	U+7384
08CB4	貴	｛貴 *kuj-s とうとい、価値ある｝	表音文字「㬰 Kuj」＋意味分類符「貝」	null	「遺」の旁とは別字源。「㬰」は｛簣 *kʰˤruj-s 竹籠｝の表語文字に由来する。	李守奎2002(3)、徐寶貴2008a(2)、王鵬遠＆陳哲2021	U+8CB4
09077	遷	｛遷 *[tsʰ]ar うつる、移動する｝	表音文字「䙴 TSar」＋意味分類符「辵(→辶)」	null	「𢍱」字は、表音文字「(西→)囟 Sər (~ TSar)」＋意味分類符「舁」からなり、本義は「移す、のぼる」。「䙴」字は、表音文字「𢍱 TSar」＋意味分類符「邑」からなり、本義は「（都を）うつす」。	李守奎2013	U+9077
0652F	支	null	null	null	｛規｝の表語文字（定規を持った手の形）という説や、「枝指」の｛枝｝の表語文字という説、木の枝を持った手の形という説などがあるが、この字は戦国時代以前には見られず詳細は不明。	李守奎2017	U+652F
07235	爵	｛爵 *[ts]ewk 爵｝	null	爵（酒を汲む器物の一種）を手で持つ形	宋代以来「爵」と呼ばれてきた三脚の器は実際には爵ではない。	李春桃《從斗形爵的稱謂談到三足爵的命名》	U+7235
05C4B	屋	｛屋 *qˤok 家、部屋｝	表音文字「𡉉 Qok」＋意味分類符「室」	null	「𡉉」は｛幄｝の表語文字に由来し、戦国時代に「尸」形に変化した。	李學勤《岐山董家村訓匜考釋》、裘錫圭2002a、何琳儀＆吴紅松《説屋》、白於藍《説甲骨卜辭中“南”字的一種特殊用法》	U+5C4B
08863	衣	｛衣 *ʔ(r)əj ころも、きぬ｝	上衣の形	null	殷周代は「衣」字が｛衣｝にも｛卒｝にも用いられたが、後に飾筆を加えた形が分化して「卒」字となった。	李學勤《多友鼎的“卒”字及其他》、裘錫圭1990a	U+8863
0885B	衛	｛衛 *ɢʷ(r)a[t]-s まもる｝	表語文字「⿴行舛」＋意味分類符「方」	四方を護衛する形	中間部は後に「韋」形に変化した。	李發《甲骨軍事刻辭整理與研究》	U+885B
053D4	叔	｛埱 *tʰuk 掘る｝	null	〈弋（杙）＋小（土粒）＋又（手）〉杙で地面を掘る形	｛菽｝の表語文字とする説は無関係の別字（「弔」字の金文）との混同による誤り。	劉楽賢2013、謝明文2013b、郭永秉2015a、劉釗2022a	U+53D4
056DB	四	｛呬 l̥ri-s 息｝	null	息を出した鼻の形	なお殷周代には、数詞｛四｝には「亖」字が用いられていた。	劉洪濤《甲骨金文“四”字考釋》	U+56DB
07701	省	｛省 *seŋʔ みる、視察する｝	表音文字「生 Seŋ」＋意味分類符「目」	null	隷変で「生」旁は“少”形に変化した。	劉心源《奇觚室吉金文述》、商承祚《説文中之古文考》、裘錫圭1988b	U+7701
05C40	局	null	表音文字「句 Ko」＋「尸」	null	本義は不明。「尸」の由来は不明、表音文字「厃」や「𠕓」が変化した形かもしれない。	劉釗1991、構形學P212	U+5C40
07A3D	稽	｛稽 *kˤij 考える｝	表語文字「𥝐→𮂱」＋注音符「旨 Kij」	木に手を加える形		劉釗2004a、趙平安《釋花東甲骨中的“㾕”和“稽”》	U+7A3D
05BB3	害	null	null	null	不明。下部の「口」は飾符。	劉釗2014a	U+5BB3
063D2	插	｛插 *mə-tsʰrop さしはさむ、さしこむ｝	表語文字「臿(→𢆍)」＋意味分類符「手(→扌)」	矢を穴にさしこむ形		劉釗2014b	U+63D2
096C6	集	｛集 *dz[u]p とどまる｝	null	〈隹＋木〉鳥が樹の上にとまっている形		劉釗2018a、郭永秉2018	U+96C6
05E8A	床	｛床 *kə-dzraŋ とこ｝	表語文字「爿」＋意味分類符「木」	寝台の形	「床」は、「莊→㽵→庄」などの字の類推により、「牀」の形が変わったもので、「广（家屋）+ 木」のような説明は誤り。	林義光1920	U+5E8A
0610F	意	｛意 *ʔ(r)ək-s こころ｝	表語文字「𠶷(→音)」＋意味分類符「心」	null	「𠶷」字は、「言」の中央に○印をつけて、言中の心意を示した字とされる（または○印は字を区別するための無意味な飾符かもしれない）。「𠶷」に分類符が添加されて「意」の字体になった。	林義光1920	U+610F
098DF	食	｛食 *mə-lək たべる｝	null	〈口＋皀〉器に盛られた物を食べる形	上部（「口」の倒文）を「蓋の形」とする説明は誤り。	林義光1920	U+98DF
04E14	且	｛俎 *tsraʔ まな板｝	null	上から見たまな板の形。「俎」字は脚を含めてまな板を描いた字で、「且」字は脚の描写を省略した字。	「位牌」「生殖器」「物を重ねた形」の類はみな誤説。	林義光1920、王國維1923: (3)17、唐蘭1979、陳劍2008b	U+4E14
04E9E	亞	null	null	null	本義・構意は不明。城牆の形である「𩫏」字に形が似ているため、｛庌｝の表語文字かもしれない。｛阿｝の表語文字とする説もある。墓の形、建物の基礎の形、背中の形などとするのは看図説話。	林義光1920、何金松《釋亞》、劉釗2023a	U+4E9E
04E16	世	null	null	null	表音文字「枼 Lep」（｛葉 *lep 葉｝の表語文字に由来）の下部を省略してできた字。\nなお「十を三つ合わせて三十年」の類の説明は古文字字形と整合しない誤説。	林義光1920、概要	U+4E16
04E08	丈	null	null	null	不明。｛杖 [l]raŋʔ つえ｝の表語文字（杖を持った手の形）かもしれない。	林義光1920、高鴻縉《中國字例》、詹鄞鑫《近取諸身，遠取諸物——長度單位探源》、黄德寛《古文字譜系疏證》	U+4E08
076E3	監	｛鑑 *k-rˤam みる、かんがみる｝	null	水鏡を見る形。唐蘭や黄天樹（2009）が表音文字「見 Ken」に従うとするのは誤り。	「鑑」字は意味分類符を追加した分化字。	林義光1920、唐蘭1934: 76/2015: (6)160、概要P131	U+76E3
068C4	棄	｛棄 *kʰi[t]-s 捨てる｝	null	〈𠫓＋𠀠＋𠬞〉嬰児を捨てる形	「赤子を捨てる」等の意味があるとするのは望形生訓の誤り。	林義光1920、羅振玉1927: (2)47	U+68C4
058EB	士	｛士 *[dz]rəʔ すぐれた人｝	null	統率権の象徴である斧鉞の形	もと｛士｝と｛王｝は同じ字を共用していたが、｛王｝は上部に飾筆を加えた「王」形になり分化した。	林澐1965	U+58EB
0738B	王	｛王 *ɢʷaŋ きみ｝	null	鉞（統率権の象徴）の形	《詩經・大雅・公劉》「干戈戚揚」（毛傳「揚，鉞也」）の｛揚｝の象形字という説もあるが、声母が異なる。	林澐1965	U+738B
05E2D	席	｛席 *s-m-tak 敷物、むしろ｝	表音文字「石 Tak」＋意味分類符「巾」	null	戦国楚簡では「石」に意味分類符「竹」を加えた字が｛席｝に用いられている。	林澐1986、構形學P179	U+5E2D
06211	我	｛錡 *ŋajʔ のこぎり｝	null	のこぎり（歯付きの刃物）の形		林澐1989	U+6211
0621A	戚	｛戚 *tsʰˤiwk 親しい｝	表音文字「𢦫 TSiwk」＋意味分類符「人」	null	「𢦫」は｛鏚 *tsʰˤiwk おの｝の表語文字に由来。「𢦫」が直接「戚」に変化したとする説もあるが、漢代の「戚」字には「人」旁が含まれている。のちに《説文》の誤説の影響で「尗」に従う形が生まれた。	林澐1989、陳劍2007c、董蓮池＆徐善飛《戚姬簋的“戚”字研究兼説〈説文〉中的“戚”》	U+621A
05E0C	希	｛稀 *qʰəj まばら｝	表語文字「𬼆」（織り目の形）＋意味分類符「巾」	null	「𬼆」は｛稀｝｛絺｝｛綌｝の3語の共同表語文字。	林澐1990、鄔可晶2013: 223、季旭昇2019、張富海2021b	U+5E0C
08CAB	貫	｛貫 *kˤon つらぬく｝	null	貝を貫き通した形	「毌」に従う字という説明は誤りで、古文字中に「毌」字は存在しない。	林澐2000、蘇建洲2021	U+8CAB
0539A	厚	null	表音文字「𣆪 Ko」＋意味分類符「厂」？	null	本義は不明。	林澐2010、彭裕商《釋“厚”》	U+539A
05F15	引	｛引 *linʔ 引く｝	null	弓が引かれる形		于豪亮《説“引”字》	U+5F15
085A6	薦	｛薦 *Cə-tsˤə[r]-s 牧草｝	表音文字「廌 TSər」＋意味分類符「艸」	null	殷墟甲骨文には、注音符「廌」を献上する形の｛薦 *Cə-tsˤə[r]-s すすめる｝の表語文字がみられる。\nなお「神獣が云々」の類の説明は看図説話の誤り。	于省吾1943: 14、鄧佩玲《古文字“廌”及其相關諸字》	U+85A6
05BAB	宫	null	null	null	意味分類符「宀」と房屋の形からなる字と思われる。また「雍」の初文＋意味分類符「宀」からなるという説もある。「呂」字と関連づけるのは誤り。	于省吾1962	U+5BAB
09670	陰	｛陰 *q(r)um くもる、かげる｝	表音文字「今 Kum」＋意味分類符「云」＋意味分類符「𨸏」	null	殷周代には、「隹」を意符とする字や表音文字「酓」に従う字などが｛陰｝に用いられている。	于省吾1979: 111	U+9670
09677	陷	｛陷 *g-rˤəms 落とし穴、おとしいれる｝	表語文字「臽」＋意味分類符「阜」	人が穴に落ちた形	殷墟甲骨文では文脈によって「麋」「牛」等に従う異なる表語文字が用いられた。	于省吾1979: 270、裘錫圭1980b(6)、姚孝遂1981、概要P124、葛亮2013	U+9677
0585E	塞	｛塞 *[s]ˤək ふさぐ｝｛塞 *[s]ˤək-s とりで｝	表語文字「𡫳」＋意味分類符「土」	〈宀（家屋）＋㠭（柱などの建材と思われる）＋廾（手）〉		于省吾1979: 393	U+585E
05DE2	巢	｛巢 *[dz]ˤraw す、すみか｝	null	null	巣の形。	于省吾1979: 419	U+5DE2
05EB6	庶	｛庶 *tak-s 煮る｝	表音文字「石 Ta」＋意味分類符「火」	null	なお殷墟甲骨文には表音文字「庶 Ta」＋意味分類符「㐺」からなる｛庶 *s-tak-s 多くの人｝を表す字が見られる。	于省吾1979: 431、裘錫圭2006、黄天樹2013	U+5EB6
065EC	旬	｛旬 *s-N-qʷi[n] 十日間｝	表音文字「(䀏→)勹*」＋意味分類符「日」	null	「勹*」は、｛眴 N-qʷˤi[n]-s 目が回る｝の表語文字に由来し、殷墟甲骨文ではこの字が｛旬｝に用いられた。	于省吾1979: 6、蔡哲茂《甲骨文考釋兩則》、鄔可晶2019b	U+65EC
096F2	雲	｛雲 *ɢʷə[r] 雲｝	（云＝表音文字「亘囘 Qʷan」＋「上」）＋意味分類符「雨」	null	「云」字を象形字とする説はおそらく誤り。	于省吾1979: 6、蔡哲茂《甲骨文考釋兩則》、鄔可晶2019b	U+96F2
055AA	喪	null	表音文字「桑 Saŋ」＋飾符「口」	null		于省吾1979: 75	U+55AA
09A45	驅	｛駆 *[k]ʰ(r)o かる｝	表音文字「區(→区) Ko」＋意味分類符「馬」	null	「敺」字は、表語文字「𫾹」（虎を駆逐する形）に、注音符「區 Ko」を加えたのちに「虎」を省略したもの。「駆」字は、「敺」の分類符を「馬」に換えた字。	單育辰《甲骨文中的動物之一・説“虎”》、孫亞冰《讀書劄記一則》	U+9A45
05144	兄	null	null	null	口を強調した人の形で、一家に令を発する｛兄 *m̥raŋ｝の表語文字という説が一般的になっている。\n西周金文には表音文字「𫭠 Qʷaŋ」を加えた異体字も見られる。	姚孝遂《古文字的符號化問題》、沈培《説古文字裏的“祝”及相關之字》	U+5144
08D70	走	｛走 *tsˤoʔ 走る｝	表語文字「夭*(→土)」＋意味分類符「止」	走っている人の形	表音文字「夭 ʔaw」に従うという説は諧声原則に反しており、古文字字形とも整合しない誤説。	姚孝遂1996	U+8D70
065B0	新	｛薪 *siŋ たきぎ、まき｝	表音文字「辛 Sin」＋意味分類符「木」「斤」	null	「針が刺さった木が云々」の類の説明は看図説話の誤り。	姚萱2006: 158-162、楊軍會《花東卜辭新見字形再議》、彭邦炯《説新》	U+65B0
05BB0	宰	null	null	null	「宀」と「䇂(?)」からなる字だが、構意は不明。下部を表音文字とする説もある。	樂郊《説“宰”》	U+5BB0
081E3	臣	null	null	大きな目の形	｛䁂 *gˤrinʔ 大きな目｝の表語文字と思われる。｛瞋 *tʰi[n] 目を見張る｝を表すとする説もあるが、声母が異なる。\n仮借義である「家来」に字形を関連づけた説は誤り。また「奴隷が云々」は根拠のない誤説。	汪寧生《釋臣》	U+81E3
07D33	紳	｛紳 *l̥i[n] たばねる、しばる｝	表音文字「申 Lin」＋意味分類符「糸」	null	古文字に見られる「𤕌」字は、〈𤔔（手で糸を操る形）＋束/東（物を縛った形、後に一部が「田 Lin」に音化）〉の形の｛紳｝の表語文字。なお「𤕌」の略体に従う字に「陳」がある。	裘錫圭＆李家浩1992	U+7D33
084CB	蓋	｛蓋 kˤap-s ふた｝	表語文字「去*」＋意味分類符「皿」＋意味分類符「艸」	蓋と器物の形	「去来」の「去」字とは無関係。	裘錫圭1979、1988a(6)、1991a	U+84CB
0624D	才	null	null	null	「弋」字から分化した字と思われる。	裘錫圭1980a、何琳儀1998、陳劍2006a	U+624D
05208	刈	｛刈 *ŋat-s かる、かりとる｝	表語文字「𬔖」＋意味分類符「刀」	null	殷墟甲骨文では「𬔖」（鎌の類）で草を刈る形の表語文字が｛刈｝に用いられている。「乂」は「𬔖」の略体に由来すると思われる。	裘錫圭1980b(1)、方稚松2019	U+5208
08650	虐	null	null	null	甲骨文中の虎が人を襲う図形の文字に由来すると考えられている。\nしかし、戦国時代には「虎」に飾符「口」を加えた字が｛虐｝に用いられており、虎が人を襲う形の字は「虐」字とは別字かもしれない。	裘錫圭1980b(5)	U+8650
0846C	葬	｛葬 *[ts]ˤaŋ-s ほうむる｝	null	〈竹＋死＋廾〉死体を土中に埋める形	殷墟甲骨文では、人を棺中に入れた形に注音符「爿 TSaŋ」を加えた字が｛葬｝に用いられている。	裘錫圭1981、蔡哲茂《説甲骨文葬字及其相關問題》、鞠煥文2016	U+846C
056E0	因	｛茵 *ʔin しとね、敷物｝	null	人が敷物の上で寝ている形		裘錫圭1982(1)	U+56E0
05F3A	强	｛𧖑 *gaŋ コクゾウムシ｝	表音文字「𪪺 Kaŋ」＋意味分類符「虫」	null	「𪪺」字は、「弓」（強力なものの代表）と飾符「口」からなる、｛強 *N-kaŋ つよい｝の表語文字。	裘錫圭1982(3)	U+5F3A
08F44	轄	｛轄 *gˤrat 車のくさび｝	表音文字「害 Kat」＋意味分類符「車」	null	秦代には、｛害｝の表語文字「舝」がしばしば｛轄｝に用いられている。	裘錫圭1983a	U+8F44
06539	改	｛改 *kˤəʔ あらためる｝	表音文字「巳」＋意味分類符「攴」	null	早期の殷墟甲骨文では「巳」字が｛改｝に用いられている。	裘錫圭1983b、李學勤《釋“改”》、沈培《甲骨文“巳”、“改”用法補議》、齊航福2016	U+6539
085DD	藝	｛藝 *ŋet-s 植える、栽培する｝	表語文字「埶(→∅)」＋意味分類符「艸(→艹)」＋「云」	植物を土に植える形。	「云」の由来は不明。「芸」字は「藝」の中間部を省いた略体。	裘錫圭1985	U+85DD
056B4	嚴	｛譀 *qʰˤram-s おごる｝	表語文字「喦」＋注表符「敢 Qam」	口が多い人の形		裘錫圭1986a	U+56B4
08056	聖	｛聽 *l̥ˤeŋ きく｝	null	〈耳（＋人）＋口〉音を耳で聞く形	下部の「人」は“𡈼”形を経由して“王”形に変化した。\nなお表音文字「呈 Leŋ」や「𡈼 Leŋ」に従うとする説明は古文字字形と整合しない誤説。	裘錫圭1986a	U+8056
06C42	求	｛蛷 *[g](r)u 多足の虫｝	null	多足の虫の形	「動物の皮」「植物」の類は誤説。	裘錫圭1986b	U+6C42
08870	衰	｛蓑 *sˤoj みの、雨具｝	表語文字「𠌺」＋意味分類符「衣」	雨具の形		裘錫圭1986c	U+8870
05236	制	｛制  *tet-s 断ち切る｝	null	刀で木を切断した形	「未＋刀」とする説明は古文字字形と整合しない誤説。	裘錫圭1988a(3)	U+5236
05409	吉	｛硈 *kʰˤrit かたい｝	null	null	「圭」（句兵の形、固いものの代表）と飾符からなる字。上部はのちに“士”形に変化した。殷墟甲骨文に本義での用法がある。	裘錫圭1988a(5)、張玉金2006、謝明文2019a	U+5409
04ECA	今	｛吟 *[g](r)umʔ 口をつぐむ｝	null	「曰」の倒文、あるいは「口」の前に遮る横線を加えた形		裘錫圭1988a(6)	U+4ECA
053BB	去	｛呿 *kʰ(r)a-s 口を大きく開く｝	意味分類符「口」＋意味分類符「大」	null		裘錫圭1988a(6)	U+53BB
08FB1	辱	｛耨 *nˤok-s 除草する｝	null	〈辰（農具）＋又（手）〉農具を手に持つ形	殷墟甲骨文には「艸」や「林」を加えた字も見られる。	裘錫圭1989a	U+8FB1
079C0	秀	null	null	null	不明。周代には「𥝩」字（｛抽｝の表語文字；稲の穗を摘み取る形）が｛秀｝に用いられた。「秀」も「禾」に従うため同様に｛抽｝の表語文字である可能性がある。下部の「乃?」がこの文字の解釈を困難なものにしている。	裘錫圭1989a、白於藍《釋褎》、張世超《“𥝩”、“秀”形音義新探》、周忠兵《金文所見“菽麥”考》、鄔可晶2019a	U+79C0
06563	散	｛散 *mə-sˤa[n]ʔ-s ちらす｝	表語文字「㪔」＋意味分類符「肉(→月)」	除草する形	甲骨文中の「㪔」字は後代の「㪔/散」字とは別字とする説もある。西周金文中の「月」に従う字は別字。	裘錫圭1989a、薛培武《甲骨文中舊釋為“散”之字及相關諸字新釋》	U+6563
05EFA	建	｛建 *[k]a[n]-s たてる｝	null	人が柱を立てる形	「聿」（｛筆｝の表語文字）とは無関係。	裘錫圭1989b	U+5EFA
0587E	塾	｛塾 *duk へや、まなびや｝	表音文字「丮 Tuk」＋意味分類符「亯／京／高」＋意味分類符「土」	null		裘錫圭1989c、謝明文2018	U+587E
05C0B	尋	｛䑣 *l̥rəm 舟が進む｝	表音文字「⿱⿰丨㕛寸 Ləm」＋意味分類符「舟(→口)」	null	「⿱⿰丨㕛寸」は、｛尋 *s-ləm 長さの単位、長さを測る｝の表語文字（腕で物の長さを測る形）に意味分類符「寸」を加えた字に由来。\n「左 + 右」とする説は古文字字形と整合しない誤説。	裘錫圭1991b、劉釗1996a、李學勤《續釋“尋”字》、于淼＆秦宗林2023	U+5C0B
06C38	永	null	null	水流の続く形、あるいは「彳＋人」。	殷墟甲骨文における「永」関連の字は字形・用法とも複雑で、よくわかっていない。	裘錫圭1993a、陳劍2017a	U+6C38
08840	血	null	null	null	「皿」と短い画からなるが本義は不明。祭牲の血を器物に盛った形の表意字という説が一般的となっている。	裘錫圭1993b	U+8840
05BE9	審	null	null	null	「宷」字は「宀」と「米」からなる字だが、本義は不明。「審」字は、「宷」に飾符「口」を加えた字。「宀＋釆」や「宀＋番」とする説明は誤り。	裘錫圭1998a(2)	U+5BE9
08996	視	｛視 *[d]ijʔ みる｝	表語文字「⿱目人」＋注音符「示」	目を強調した立っている人の形。「見」（目を強調した座っている人の形）とは別字。		裘錫圭1999	U+8996
080A9	肩	｛肩 *kˤe[n] かた｝	表語文字「囗*(→戸)」＋意味分類符「肉(→月)」	肩胛骨の形。のちに肩胛骨の形の部分は“戸”形に変化した。		裘錫圭2000、徐寶貴2008	U+80A9
06BBB	殻	｛殻 *kʰˤrok うつ、たたく｝	表音文字「𡉉 Kok」＋意味分類符「殳」	null	甲骨文中の「⿰南殳」字は別字。	裘錫圭2002a、李春桃《古文形體三考》	U+6BBB
05360	占	｛占 *tem みる、うかがう、うらなう｝	表語文字「𡆥(→卜)」＋飾符「口」	卜兆が顕れた肩甲骨の形。	「𡆥」は他の単語にも用いられたため、区別のために飾符を加えたものと思われる。	裘錫圭2002b	U+5360
06A39	樹	｛樹 *m-toʔ うえる｝	表語文字「权 To」＋注音符「豆」＋意味分類符「木」	〈木＋又〉木を植える形	｛鼓｝の表語文字「壴」（太鼓の形）とは無関係。	裘錫圭2002c	U+6A39
05341	十	｛針 *t-kəm はり｝	null	はりの形		裘錫圭2003	U+5341
059D4	委	null	表音文字「禾 Koj」＋意味分類符「女」	null	「委」字より古くから存在する「魏/𡿁」字の左部（「每＋山」？）に由来する字の可能性もある。なお「しなやかな女が～」の類は看図説話。	裘錫圭2010a	U+59D4
05BE2	寢	｛寢 *tsʰimʔ へや、ねや｝	表音文字「𠬶 TSim」＋意味分類符「宀」＋意味分類符「爿」	null	古文字では〈宀（家屋の形）＋爿（寝台の形）〉の形の表語文字や、表音文字「(𠬶→)帚 TSim」＋意味分類符「宀」からなる字なども見られる。	裘錫圭2010a、2010b	U+5BE2
066F4	更	｛更 *k-rˤaŋ あらためる｝	表音文字「⿱丙丙 Raŋ」＋意味分類符「攴」	null		裘錫圭2018	U+66F4
076FE	盾	null	null	null	不明。上部は表音文字「允 Lun」とする説がある。また殷墟甲骨文や西周金文に存在するいくつかの「盾」に似た形の字を「盾」の初形とする説がある。\nなお西周金文では表音文字「豚 Lun」＋意味分類符「干」（盾の形）からなる字が｛盾｝に用いられている。	趙平安《説“盾”》、何景成《試釋甲骨文的“盾”字》	U+76FE
080A1	股	｛股 *kʷˤaʔ また｝	表語文字「夃(→殳)」＋意味分類符「肉(→月)」	人の股の部分を○印で示したもの		趙平安《關於夃的形義來源》、何景成《試釋甲骨文的“股”》、袁瑩《説“夃”字的兩個來源》、蘇建洲2012	U+80A1
0755D	畝	｛畝 *mˤəʔ うね｝	表音字「每 Mə」＋意味分類符「田」	null	「每」旁は秦漢代に「⿰十久」形に変化したのち、「⿰亠久」形になった。「田＋又」からなる表語文字という説もある。	魏宜輝《“畞”字構形新探》、何余華《地積單位｛畝｝的用字歷史考察》、胡雲鳳《説畝》	U+755D
09B31	鬱	｛鬱 *ʔut 生い茂る｝	表語文字「⿲林⿱勹大」＋「爵？」	草木が茂る中に人が隠れる形	戦国時代に下部（詳細は不明）が加えられて「鬱」の字体となった。	吴振武《説“苞”“鬱”》、王子楊2016a	U+9B31
08A2D	設	｛設 *ŋ̊et もうける、たてる｝	表音文字「⿰𡉣攴(→殳) NGet」＋意味分類符「言」	null	「⿰𡉣攴」は「埶」（｛藝 *ŋet-s 植える｝の表語文字）の異体字。隷変で“言＋殳”形に変化した。	蔣偉男《談上博簡中從“埶”的兩個字》	U+8A2D
058F9	壹	｛噎 *qˤik のどにつかえる｝	null	null	物をのどにつかえた形の表語字の、物体の部分が分化した字と思われる（詳細は不明）。戦国時代には「壺」字に似た形になり、注音符「吉 Kit」を加えた字も見られる。その後「壱」の形になった。	蔣玉斌《甲骨綴合所得新字新形研究》	U+58F9
06625	春	｛春 *tʰur はる｝	表音文字「芚 Tur」＋意味分類符「日」	null	殷墟甲骨文では「屯」字や「芚」字も｛春｝に用いられた。	蔣玉斌《釋甲骨金文的“蠢”兼論相關問題》	U+6625
09001	送	｛送 *[s]ˤoŋ-s おくる｝	null	null	表音文字「灷」＋意味分類符「辵(→辶)」からなると思われるが、「送 Soŋ」と「灷 Sun」の韻は一致しない（方言音か）。	鄔可晶＆施瑞峰2022	U+9001
082E5	若	｛若 *nak 草を摘む｝	表語文字「𦫿」＋飾符「口」	草を手で摘む形	かつて「若」字は、「叒」（髪を触っている人の形だが本義は不明）に飾符「口」を追加した字「𠭚」に由来するとされてきたが、おそらくそれとは別の由来を持つ。	鄔可晶2018b	U+82E5
05B63	季	｛季 *kʷit-s 末子｝	表音文字「禾* Kʷit」＋意味分類符「子」	null	「禾*」は｛穗｝の表語文字に由来し、「禾」とは別字。\n「稲の形の被り物が云々」の類の説明は看図説話の誤り。	鄔可晶2019a	U+5B63
056DE	回	｛回 *ɢʷˤə[r] まわる、かこむ｝	null	四角形がまわりを取り囲んでいる形	甲骨文・金文では回転のさまを描いた｛旋｝｛迴｝の表語文字「亘」が｛回｝に用いられた。	鄔可晶2019b	U+56DE
08ECD	軍	｛軍 *[k]ʷər 兵士、軍隊｝	「車」？＋意味分類符「(䀏→)勹*」	null	「勹*」は回ることや囲むこと等を表す分類符（「旬」と関連があるが「包」とは無関係）、これを表音文字と解釈する説があるが韻が異なる。「車」は表音文字「熏 Kʷən」の変形の可能性がある。	鄔可晶2019b	U+8ECD
04E38	丸	｛宛 *ʔorʔ かがむ、まげる｝	null	丸まった人の形。《説文》の「仄」の反転形という説は誤り。	表音文字として「夗」字に含まれる。	鄔可晶2021a	U+4E38
05965	奥	｛奥 *ʔˤuk-s 奥、奥深い｝	表語文字「匊」＋「𠬞」	米を奥にしまった形		鄔可晶2022	U+5965
05BF8	寸	null	null	null	表音文字「尊 TSun」（｛尊 *tsˤun 置く｝の表語文字に由来）の上部を省略してできた字。「手で物の長さを測る形の象形字」のような説明は古文字字形と整合しない誤説。	户内俊介《“寸”字的形成與發展》、李軼《先秦度量單位“尺”“寸”用字考》	U+5BF8
0611B	愛	｛愛 *qˤə[p]-s めぐむ、めでる｝	表音文字「⿱旡夊 Kət」＋意味分類符「心」	null	「夊」は「旡」に添加された飾符で、行く・歩く・振り返る等の意味があるとするのは望形生訓。	禤健聰2010、2016、陳劍2011	U+611B
05370	印	｛抑 *ʔik おさえる｝	null	〈爪＋卩〉ひざまづいた人を上から手で抑える形		禤健聰2014、金俊秀《上古聲母構擬三則》	U+5370
08272	色	null	null	null	表音文字「卬 NGaŋ」から分化した字と思われる。楚簡では表音文字「𠤗 NGə」に従う字が｛色｝に用いられている。\nなお「男女の交わり」の類の説明は根拠のない誤説。	禤健聰2014、金俊秀《上古聲母構擬三則》、張富海2017b、鞠煥文2022	U+8272
04E00	一	｛一 *ʔit ひとつ｝	null	一本の横線			U+4E00
04E03	七	null	null	null	不明。｛切｝や｛漆｝と関連付ける説があるがいずれも根拠は無い。		U+4E03
04E09	三	｛三 *[s]um 3｝	null	三本の横線			U+4E09
04E0A	上	｛上 *daŋʔ-s うえ｝	null	横線の上部に点を打ち、上を示したもの			U+4E0A
04E0B	下	｛下 *gˤraʔ した｝	null	基準線の下側に点を打った形			U+4E0B
04E18	丘	｛丘 *kʷʰə おか｝	null	2つの峰の形			U+4E18
04E45	久	null	null	null	おそらく表音文字「又 Qʷə」の分化字。「爪」「又」等の手を描いた図形は通常三本指で描かれるが、しばしば2本指でも描かれる（⇒裘錫圭1998c、黄天樹2005b、鞠煥文2022、謝明文2022a）。\n「灸」「死体」「背の曲がった人」の類は根拠の無い誤説。		U+4E45
04E59	乙	null	null	null	本義・構意とも不明。「水」字に似ていることから、水流の形であるかもしれない。		U+4E59
04E5E	乞	｛氣 *kʰə[p]-s 雲霧、空気｝	null	気流の形と思われる			U+4E5E
04E8B	事	null	null	null	「史」から分化した字。		U+4E8B
04E95	井	｛井 tseŋʔ 井戸｝｛阱 *dzeŋ あな｝	井戸またはあなの形	null			U+4E95
04EA4	交	null	null	null	「爻」字から分化した字と考えられる。人の形の表語文字という説もあるが、古文字中の「交」字とされている字の多くは実際には無関係の別字である。		U+4EA4
04EBA	人	｛人 *niŋ ひと｝	ひとを横から見た形	null			U+4EBA
04EF6	件	｛件 *[g]r[a][n]ʔ わかつ、区分する｝	意味分類符「人」＋意味分類符「牛」	null			U+4EF6
04FAF	侯	｛侯 *[g]ˤ(r)o まと｝	null	的に矢を射た形	秦代に「厂」は“厃”形に変化した。		U+4FAF
04FC2	係	｛係 *kˤek-s つなぐ｝	null	人をひもで繋ぎ留める形			U+4FC2
05009	倉	null	null	null	「合」と「戸」からなるが、本義は不明。｛倉 *tsʰˤaŋ くら｝の表語文字という説が一般的となっているが、倉庫は通常「㐭」と描かれ、「合」が建物を表現することはないため、疑わしい。		U+5009
05143	元	｛元 *ŋor あたま｝	null	頭を強調した人の形			U+5143
05145	充	null	null	null	不明。		U+5145
05148	先	｛先 *sˤər さき｝	null	〈止＋人〉			U+5148
05149	光	null	null	null	「火」と「卩」からなり、人が明かりで周囲を照らしている形と思われる。		U+5149
0514B	克	null	null	null	不明。形が似ている「冑」字や「皮」字に結びつけた説などがあるが、いずれも根拠を欠く。		U+514B
05152	兒	null	null	null	小児の形と思われる。		U+5152
05168	全	null	null	null	不明。戦国文字は「今＋土」のような形になっているが、それ以前の出土文字の例はない。		U+5168
05177	具	｛具 *[g](r)o-s そなえる、準備する｝	null	〈鼎＋𠬞〉食器を準備する形			U+5177
0517C	兼	｛兼 *[k]ˤem あわせる｝	null	二本の稲を合わせて持つ形			U+517C
0518C	册	｛册 *[tsʰ](ˤ)rek 竹簡、書物｝	null	簡冊の形	殷墟甲骨文・西周金文には下部に「廾」（両手の形）や飾筆を加えた字も見られる。		U+518C
0518D	再	null	null	null	「冉」と横画からなるが、古文字資料が少なく構意は不明。甲骨文に一例だけ「一」と「冉」からなる字があり、一般に「再」と同定されているが、別字と思われる。		U+518D
05197	冗	null	null	null	不明。説文小篆によれば「宀」と「人」からなる。		U+5197
051F6	凶	｛凶 *qʰ(r)oŋ 不吉｝。	null	鬼頭を強調した人の形。「鬼」の分化字「兇」の下部を略した字。	「胸の文様が云々」の類の説明は看図説話の誤り。		U+51F6
051FA	出	｛出 *t-kʰut でる｝	null	〈止＋凵〉穴から出ていく足の形			U+51FA
05203	刃	｛刃 *nə[n]-s は｝	〈刀＋丶〉刀の刃部分を線で指し示した形	null			U+5203
0521D	初	｛初 *tsʰra はじめ｝	null	〈衣＋刀〉布を断つ形	字の形は「卒」と対照的になっている。		U+521D
0523A	刺	｛刺 *tsʰek とげ｝	表語文字「朿」＋意味分類符「刀」	とげのある武器の形			U+523A
0524D	前	｛剪 *[ts][e][n]ʔ 断つ、きる｝	表音文字「歬 TSen」＋意味分類符「刀(→刂)」	null	「歬」は、〈止＋舟〉からなる｛前｝の表語文字に由来するという説が一般的となっているが、殷墟甲骨文に見られる｛洗｝の表語文字（足を洗う形）に由来するという説もある。		U+524D
052A0	加	null	null	null	「力」に飾符「口」を加えた字だが本義は不明。\n「力/耒」（農具の形）は古文字中では「協」「皆」「耤（借）」等、力を合わせることに関連する字に含まれるため、「加」字中の「力」も同様の意味合いかもしれない。		U+52A0
052DD	勝	｛勝 *l̥əŋ-s かつ、まさる｝	表音文字「朕 Ləŋ」＋意味分類符「力」	null	楚簡では「乗」の異体字や、それに意味分類符「力」を加えた字が｛勝｝に用いられている。		U+52DD
05316	化	null	null	null	上向きの「人」と下向き（倒文）の「人」からなるが本義は不明。「変化」の｛化｝の表語文字とする説が一般的となっている。		U+5316
05320	匠	null	null	null	「匚」と「斤」からなる会意字と思われる。「匚」を表音文字とする説もあるが、再現性に乏しい音韻パターンを想定する必要がある。		U+5320
05340	區	｛區 *qˤ(r)o かくす｝	null	〈𠃊（物をしまったり隠したりする場所の形）＋口（物体）〉物をしまった形。「区」は、「區」の内部を簡単な「㐅」に換えた字体。			U+5340
05343	千	｛千 *s-n̥ˤiŋ 1000｝	「一」＋注音符「人 Niŋ」	null	殷墟甲骨文では「人」字が｛千｝に用いられた。「千」の字体は「一人」の合文に由来する。		U+5343
05348	午	｛杵 *t-qʰaʔ きね｝	杵の形	null			U+5348
05373	即	｛即 *tsik （食事に）つく｝	表音文字「卩 TSik」＋意味分類符「皀」	null	「卩」は｛節｝あるいは｛膝｝の表語文字。「食事につく人の形」は看図説話。		U+5373
0539F	原	｛源 *N-ɢʷar みなもと｝	null	〈厂（崖）＋泉〉水源から水が湧く形。	なお、「厂」や「泉」を表音文字とする説もある。		U+539F
053C3	參	null	null	null	不明。｛簪｝の表語文字かもしれない。		U+53C3
053CA	及	｛及 *[g]-rəp およぶ、およぼす｝	null	〈人＋又〉前の人に手を及ぼす形			U+53CA
053D6	取	｛取 *tsʰoʔ とる、とらえる｝	null	null	〈耳＋又〉耳を持った手の形。《周禮》等によれば、かつては狩りの成果として動物の左耳を切り取っていたという。		U+53D6
053D7	受	｛受 *duʔ うける、うけとる｝	null	物を受け取る形。受け取る物体は注音符「舟 Tu」になっている。			U+53D7
053E3	口	｛口 *kʰˤ(r)oʔ くち｝	null	口の形			U+53E3
053E5	句	｛句 *[k]ˤ(r)o まがる、まげる｝	表音文字「丩 Ko」＋飾符「口」	null			U+53E5
053EC	召	｛召 *daw-s 呼ぶ｝	表音文字「刀 Taw」＋意味分類符「口」	null	あるいは「口」は飾符かもしれない。		U+53EC
053F2	史	null	null	null	不明。なんらかの器具を持った形と思われる。諸説あるがそのいずれも根拠がない。		U+53F2
053F8	司	null	null	null	刀具・農工具ないし杖類器具の形の字に、飾符「口」を加えた字だが、何の形なのかは不明。		U+53F8
0540E	后	null	null	null	「句」字の反文が分化した字と思われる。		U+540E
0541B	君	｛君 *[k]ur きみ、統治者｝	表語文字「尹」＋飾符「口」	null	「尹」字に飾符を加えた分化字。		U+541B
05439	吹	｛吹 *tʰor ふく｝	null	〈口＋欠〉口を開けた人の形			U+5439
05468	周	null	null	null	不明。彫刻物の形という説が定説となっている。下部の「口」は飾符。		U+5468
0547C	呼	null	null	null	「乎」にさらに意味分類符「口」を加えた字だが、「乎」の由来は不明。		U+547C
05546	商	null	null	null	不明。殷墟甲骨文では「䇂 + 丙」のような形になっている。上部の「䇂」は表音文字「章 Taŋ」と関係があるかもしれない。下部の「口」は飾符。		U+5546
05584	善	null	null	null	「羊(?)」と「誩(→言)」からなる字だが、本義は不明。「羊」を含むため、｛饍｝の表語文字かもしれない。		U+5584
05668	器	null	null	null	「㗊」と「犬」からなる字だが、本義は不明。｛唏 *qʰəj-s なく｝の表語文字（動物が声をあげてないている形）かもしれない。		U+5668
056F0	困	｛稛 *kʰˤunʔ くくる、縛る｝	木材を縛った形	null			U+56F0
0570D	圍	｛圍 *ɢʷər めぐる｝	表語文字「韋(→井)」＋意味分類符「囗」	土地の周りを歩く形	「囲」は「圍」の中部を「井」に省略した字。なお「囲いの周りをめぐる」などの意味があるとするのは望形生訓。		U+570D
05716	圖	null	null	null	「囗」と「啚」からなる字だが、本義は不明。｛圖 *[d]ˤa 地図｝の表語文字（倉庫の場所を示した地図の形）という説が一般的となっている。		U+5716
05728	在	null	null	null	表音文字「才 TSə」に、さらに注音符「士 TSə」を添加することで分化した字。		U+5728
05782	垂	｛陲 *doj さかい｝	表音文字「(𡸁→)𠂹 Toj」＋意味分類符「土」	null	表音文字「𠂹 Toj」＋意味分類符「缶」からなる「𡸁」字の下部を「土」に換えた字と思われる。秦・漢代では、通常｛垂 *doj 垂れる｝には「𡸁」字をあてることが多い。		U+5782
057F7	執	｛執 *[t]ip とらえる｝	null	捕らえた人の形			U+57F7
058D3	壓	｛壓 *ʔrˤep くずれる、くずす｝	表音文字「厭(→厂) ʔep」＋意味分類符「土」	null	前漢頃までは「厭」字が｛壓｝に用いられており、分類符「土」が添加され「壓」字が作られた。「圧」はその中部を省略した簡体で、明清代に生まれたと思われる。		U+58D3
058FD	壽	｛壽 *[N-t]uʔ 長寿｝	表音文字「𠃬 Tu」＋意味分類符「老」＋飾符「口」「寸」	null			U+58FD
0590F	夏	｛夏 *gˤraʔ-s 夏｝	null	〈日＋頁〉太陽が頭上から照りつける形	「頁」旁は西周代に飾符「𦥑」「夊」が加えられて複雑化した。後に「日」旁が省略されて「𡕻」形になり、さらに「𦥑」旁が省略されて「夏」形になった。		U+590F
05915	夕	｛夕 *s-[l]ak よる｝	null	月の形	早期の殷墟甲骨文では「月」字が｛夕｝に用いられ、「夕」字が｛月｝に用いられたが、晩期以降は逆転した。		U+5915
05973	女	｛女 *nraʔ おんな｝	null	ひざまづいた人、女性の形			U+5973
0597D	好	｛好 *n̥ˤuʔ-s このむ、愛する｝	母親が子を抱いている形	null	甲骨文字に見られる「女」＋「子」からなる字は無関係の別字。		U+597D
059BB	妻	null	null	null	甲骨文中の、女の髪（あるいは頭部）に手を加えている形の字が「妻」字の初形と考えられているが、構意は不明。｛齊 *[dz]ˤəj ととのえる｝が本義かもしれない。		U+59BB
059CA	姊	｛姊 *tsijʔ あね｝	表音文字「𠂔 TSij」＋意味分類符「女」	null			U+59CA
05A01	威	｛威 *ʔuj おどす｝	null	〈戌＋女〉武器で人を脅す形			U+5A01
05B50	子	｛子 *tsəʔ こども｝	null	子供の形。			U+5B50
05B78	學	｛學 *gˤruk まなぶ｝	表音文字「爻 Kuk」＋意味分類符「宀」＋意味分類符「𦥑」＋意味分類符「子」	null			U+5B78
05B88	守	｛守 *s-tuʔ まもる｝	表音文字「寸* Tu」＋意味分類符「宀」	null	「寸*」は｛肘｝の表語文字で、「寸尺」の「寸」とは無関係。		U+5B88
05B97	宗	｛宗 *tsˤuŋ みたまや、宗廟｝	null	〈宀＋主〉神のいる建物の形			U+5B97
05BB5	宵	｛宵 *sew よる｝	表音文字「小 Sew」＋意味分類符「月」＋意味分類符「宀」	null	分類符「月」を「肉」と解釈するのは誤り。		U+5BB5
05BBF	宿	｛宿 *[s]uk やど、やどる｝	表語文字「𠉦」＋意味分類符「宀」	〈人＋𠀬（むしろ）〉人が寝る形			U+5BBF
05BD2	寒	｛寒 *Cə-gˤa[n] さむい｝	null	〈宀＋人＋艸〉人が屋内で寒さを凌ぐ形。下部は飾筆で「冫」とは無関係。	殷墟甲骨文に見られる小点（水・氷の形）に従う字を初形とする説がある。		U+5BD2
05BE6	實	｛實 *mə-li[t] たから｝	null	〈宀（家屋）＋周（琱）＋貝（財貨）〉家屋の中に財貨がある形			U+5BE6
05BFA	寺	｛持 *drə もつ｝	表音文字「之(→土) Tə」＋意味分類符「又(→寸)」	null			U+5BFA
05C08	專	null	null	null	不明。「紡塼（いとまき）」の｛塼｝の表語文字という説が定説となっている。「𤕌」との図形的関連から、｛摶 *dronʔ たば、たばねる｝の表語文字かもしれない。		U+5C08
05C31	就	null	表音文字「𫢁 TSuk」＋「尤」	null	「𫢁」は「亯」と「京」を組み合わせた形の表語文字に由来し、本義は不明だが《逸周書》注にある「高い」（あるいは｛崇｝）を表すのかもしれない。「尤」は表音文字「㕚 Tsu」の変化かあるいは飾符と思われる。		U+5C31
05C3A	尺	null	null	null	先秦代の例が少なく、字源は不明。「乇」に関連する可能性がある。「指の形」は根拠の無い誤説。		U+5C3A
05C48	屈	｛屈 *kʰut （尾が）短い｝	表音文字「出 Kut」＋意味分類符「尾」	null	「かがむ形」「尾をまげる形」の類の説明は看図説話の誤り。		U+5C48
05C6C	屬	｛屬 *tok 続く、連なる、したがう｝	表音文字「蜀 Tok」＋意味分類符「尾」	null			U+5C6C
05C71	山	｛山 *s-ŋrar やま｝	null	山岳の形			U+5C71
05CA9	岩	｛岩 *ŋˤram いわ｝	null	〈山＋石〉			U+5CA9
05D50	嵐	｛嵐 *rˤəm 山のもや、山気｝	表音文字「風 Rəm」＋意味分類符「山」	null	「葻」から分化した字で、「山」は「屮/艸」の変化した形とする説もある。また「葻」の上部は注音符「林 Rəm」の略体かもしれない。		U+5D50
05DDD	川	｛川 *[t-l̥]un かわ｝	null	両岸の間を水が流れる形			U+5DDD
05DDE	州	｛州 *tu す、しま｝	川の中にある島の形	null			U+5DDE
05DE5	工	null	null	null	不明。なんらかの工具の象形とされる。		U+5DE5
05DE6	左	｛左 *tsˤa[j]ʔ ひだり｝	表語文字「𠂇」＋「工」	左手の形。	後に加えられた「工」の由来は不明。		U+5DE6
05DE8	巨	｛矩 *kʷ(r)aʔ 定規、さしがね｝	null	null	人が“工”型の定規を持った形の字「矩」の、人の部分を省略した字。\n「取っ手のついた定規の形」等とするのは誤り。		U+5DE8
05DEE	差	null	null	null	表音文字「左」＋「來？」からなる字と思われる。本義は不明で、一説に｛搓｝を表す。		U+5DEE
05DF1	己	null	null	null	不明。「係」「夷」「弟」等の字の物を縛る縄の形に似ているため、｛紀 *k(r)əʔ つな｝の表語文字と思われる。		U+5DF1
05DFE	巾	null	null	null	垂れ下がった布切れの形と思われる。		U+5DFE
05E02	市	null	null	null	甲骨文中の「市」と同定されている文字は表音文字「止」に従っている。下部は「平」に似るが不明。		U+5E02
05E25	帥	｛帥 *s-rut-s 身に帯びる布｝	表語文字「⿰丨𢑑」＋意味分類符「巾」	手で物を持つ形	なお「𠂤＋巾」とする説明は古文字字形と整合しない誤説。		U+5E25
05E7E	幾	null	null	null	「⿱𢆶人」と「戈」からなり、図形の由来は不明だが、本義は「あやうい」だと思われる。あるいは｛刉｝の表語文字で、人を処刑する形かもしれない。		U+5E7E
05EE3	廣	｛廣 *kʷˤaŋʔ にわ、広場｝	表音文字「黄 Kʷaŋ」＋意味分類符「广」	null	「広」字は、「廣」の下部を「厶」に換えた字。		U+5EE3
05EF6	延	｛延 *[l]an のびゆく｝	null	〈彳＋止〉道のりを進む形			U+5EF6
05F13	弓	｛弓 *kʷəŋ ゆみ｝	null	弓の形			U+5F13
05F59	彙	｛蝟 *ɢʷə[t]-s はりねずみ｝	表音文字「𡇒 Qʷət」＋意味分類符「彖？」	null	古文字資料が少ないため分類符については不明。		U+5F59
05F80	往	｛往 *ɢʷaŋʔ 行く｝	（𡉚＝表音文字「王 Qʷaŋ」＋意味分類符「止」）＋意味分類符「彳」	null			U+5F80
05F9E	從	｛從 *dzoŋ 従う｝	表語文字「从」＋意味分類符「辵(→辶)」	人が付き従う形			U+5F9E
05FC3	心	｛心 *səm 心臓｝	null	心臓の形			U+5FC3
05FD7	志	｛志 *tə-s こころざし｝	表音文字「之(→士) Tə」＋意味分類符「心」	null			U+5FD7
0601D	思	｛思 *[s]ə おもう｝	表音文字「囟 Se」＋意味分類符「心」	null			U+601D
06052	恒	null	null	null	二本の横線の間に「月」がある形だが、構意は不明。形音ともに近い「亟」字と関係があるかもしれない。		U+6052
0606F	息	｛息 *sək いき、息をつく｝	〈自（呼吸器官である鼻＋心〉	null			U+606F
061B2	憲	｛憲 *qʰa[n] 楽しい｝	表音文字「𡩜 Qan」＋意味分類符「心」	null	「𡩜」の由来は不明。		U+61B2
06210	成	null	null	null	不明。古文字は「戌」と「十」に従っており、表音文字「丁 Teŋ」に従うとする説明は誤り。		U+6210
06212	戒	｛戒 *kˤrək-s 備える、警戒する｝	null	〈戈＋𠬞〉両手で武器を持って戦争に備える形			U+6212
06237	户	｛户 *[ɢ]ʷˤaʔ とびら｝	null	扉の形			U+6237
06247	扇	null	null	null	「戸」と「羽」からなる会意字と思われる。		U+6247
0624B	手	｛手 *[n̥]uʔ 手｝	null	手の形			U+624B
0627F	承	｛拯 *təŋʔ すくう、あげる｝	表語文字「丞」＋意味分類符「手」	人を両手で上に持ち上げる形			U+627F
062D8	拘	｛拘 *k(r)o とらえる｝	表音文字「句 Ko」＋意味分類符「手」	null	殷墟甲骨文には、手を後ろで縛られた人の形の表語文字が見られる。		U+62D8
06383	掃	｛掃 sˤuʔ はらう、はく｝	null	〈帚（ほうき）＋手〉	甲骨金文には帚で部屋をはらう形の｛掃｝の表語文字が用いられている。「掃」字は秦漢代に生まれたより単純な会意文字。		U+6383
06559	教	｛教 *kˤraw おしえる｝	表音文字「爻 Kaw」＋意味分類符「攴」＋意味分類符「子」。隷変で「爻＋子」の部分は“孝”形に変化した。	null	「子供に鞭を打って云々」類の説明は看図説話の誤り。		U+6559
065AC	斬	｛斬 *[ts]ramʔ 車がこわれること｝	null	〈車＋斤〉			U+65AC
065CB	旋	｛旋 *s-ɢʷen めぐる｝	null	null	「㫃」と「足」からなる会意字と思われるが、甲骨・金文の例がなく詳細は不明。		U+65CB
065CF	族	null	null	null	軍組織の標識である旗（「㫃」）と矢（「矢」）からなる字とされる。\nあるいは「矢」は｛鏃｝の象形字かもしれない。		U+65CF
065E2	既	｛既 *kə[t]-s （食べ）尽くす、尽きる｝	表音文字「旡 Kət」＋意味分類符「皀」	null	「旡」は｛慨｝や｛噯｝の表語文字に由来すると思われる。「食事を食べ終わる人の形」は看図説話。		U+65E2
065E8	旨	｛旨 *kijʔ うまい｝	〈匕＋口〉。「口」は飾符かもしれない。なお「匕＋甘」とするのは誤説。	null			U+65E8
065E9	早	null	null	null	不明。「⿱日棗」字（表音文字「棗」＋意味分類符「日」）が変化したものである可能性があるが、そのような変化には類例がない。戦国秦以前は「屮」字（｛草｝の表語文字）や「㕚」字（｛爪｝の表語文字）や「蚤」字（｛搔｝の表語文字）などが、｛早｝に用いられた。		U+65E9
06606	昆	null	null	null	「昆虫」の｛昆｝の表語文字と思われるが古文字の同定に論争があり詳細は不明。		U+6606
0662F	是	｛鞮 *tˤe くつ｝	表音文字「⿱⿰子大册(→旦) Te」＋意味分類符「止」	null	「⿱⿰子大册」は｛知 *tre 知る｝の表語文字（親が子に知識を与えている形）に由来する。その「子」以外の部分が略され、西周金文では“子＋止”のような形となった。\nなお「さじの形の象形字」といった説明は古文字字形と整合しない誤説。		U+662F
066F2	曲	null	null	null	｛曲｝の表語文字で、曲がった物体の形、或いは籠の形。秦・漢代には表音文字「玉 (N)Kok」が加えられた字も見られる。		U+66F2
066F8	書	｛書 *s-ta かく｝	表音文字「者 Ta」＋意味分類符「聿」	null			U+66F8
066F9	曹	｛曹 *N-tsˤu くみ、一対｝	表語文字「㯥」＋飾符「口(→日)」	「東」を2つ並べた形			U+66F9
06708	月	｛月 *ŋʷat つき｝	null	三日月の形	早期の殷墟甲骨文では「夕」字が｛月｝に用いられ、「月」字が｛夕｝に用いられたが、晩期以降は逆転した。		U+6708
0675F	束	｛束 *s-[t]ok たばねる、縛る｝	null	束ねたものの形			U+675F
06790	析	｛析 *sˤek 裂く、分ける｝	null	〈木＋斤〉斧で木を割る形	「斧で木を割る」等の意味があるとする説明は望形生訓の誤り。		U+6790
0679C	果	｛果 *kˤorʔ 木の実、果物｝	null	実がなっている木の形	「菓」字は、さらに意味分類符「艸」を加えた繁体。		U+679C
068EE	森	｛森 *s-rəm しげる、ならぶ｝	null	木々が茂る形	殷墟甲骨文に同じ字体の字が存在するが直接の関係はないかもしれない。		U+68EE
06B62	止	｛趾 *təʔ あし｝	null	あしの形			U+6B62
06B72	歲	｛越 *[ɢ]ʷat こえる｝	表音文字「戉 Qʷat」＋意味分類符「步」	null			U+6B72
06B78	歸	null	null	null	不明。左側の「⿱𠂤止」は行書で「リ」形に変化した。\n裘錫圭（1996）は「帚/彗」を表音文字と解釈しているが音が合わず、「帚」の機能は不明。「𠂤」は旅団を表す意味分類符（「祭祀の肉」は根拠のない誤説）で、《説文》が「𠂤聲」とするのは誤り。「止」は西周代に追加された。		U+6B78
06B7B	死	｛夷 *lij すき、除草用の農具｝	表音文字「尸(→匕) Lij」＋意味分類符「歹」	null	「歹」は農具の形。		U+6B7B
06B8A	殊	｛殊 *do 死ぬ｝	表音文字「朱 To」＋意味分類符「(死→)歹」	null	甲骨文には｛蛛｝の表語文字に由来する表音文字に従う字が用いられている。		U+6B8A
06C0F	氏	null	null	null	不明。匙の形という説や、槌の形という説などがあるが、いずれも根拠がない。		U+6C0F
06C23	氣	｛餼 *qʰrət-s （食物等を）おくる｝	表音文字「乞 Kət」＋意味分類符「米(→乂)」	null	秦簡に本義で用いられた例がある。「米」旁は後に「乂」形に省略された。\n「米の湯気」「元気の源が云々」の類の説明は看図説話の誤り。\nなお「乞」字は｛氣｝の表語文字（気流の形）。		U+6C23
06C34	水	｛水 *s-turʔ みず｝	水流の形	null			U+6C34
06CC9	泉	｛泉 *dzon いずみ｝	null	水源の形			U+6CC9
06D25	津	｛津 *[ts]i[n] 船着き場｝	表音文字「𦘔(→聿) TSin」＋意味分類符「水(→氵)」	null	「𦘔」はおそらく「盡」に由来。西周金文では表音文字「(進→)隹 TSin」＋意味分類符「舟」「水」からなる字が用いられている。		U+6D25
06F5C	潜	｛潛 *[dz][o]m もぐる｝	表音文字「朁 TSom」＋意味分類符「水(→氵)」	null			U+6F5C
06F80	澀	｛澀 *[s-r]əp しぶる、とどこおる｝	表語文字「歰(→歮)」＋意味分類符「水(→氵)」	向かい合った足の形。	「渋」は、「澀」の形が変化した「澁」の下部を省略した字体。		U+6F80
0706B	火	｛火 *m̥ˤəjʔ 火｝	null	火炎の形			U+706B
07070	灰	｛灰 *m̥ˤə 灰｝	表音文字「又 Qʷə」＋意味分類符「火」	null	「手で持てる火」の類の説明は看図説話の誤り。		U+7070
0707E	灾	｛災 わざわい｝	表音文字「(甾→)巛 TSə」＋意味分類符「火」	null	甲骨文に見られる｛災｝の表語文字（河川が氾濫する形）は、現在の「災」字の上部とは無関係。\n「災」の字体が生まれる前は、「𢦏」「𥘔」等の字も｛災｝に用いられた。		U+707E
0708E	炎	｛炎 *[l]am 燃える｝	null	〈火＋火〉火が燃える形			U+708E
07136	然	｛燃 *na[n] もえる、もやす｝	表音文字「肰 Nan」＋意味分類符「火(→灬)」	null			U+7136
0723D	爽	null	null	null	不明。		U+723D
07259	牙	｛牙 *ŋrˤa 歯｝	null	上下の歯の形			U+7259
0725B	牛	｛牛 *[ŋ]ʷə ウシ｝	null	ウシの正面顔			U+725B
072AC	犬	｛犬 *kʷʰˤirʔ イヌ｝	null	イヌの形			U+72AC
07344	獄	null	null	null	表音文字「犾」＋意味分類符「言」からなる字と思われる。		U+7344
0737B	獻	null	表音文字「鬳(→南) NGar」＋意味分類符「犬」	null			U+737B
07389	玉	｛玉 *[ŋ](r)ok たま、宝石｝	null	つないだ宝玉の形	後漢代に「王」字との区別のために飾画が加えられ“玉”形になった。		U+7389
074E6	瓦	null	null	null	不明。｛瓦 ŋʷˤrajʔ 屋瓦｝の表語文字という説が一般的となっている。		U+74E6
0751A	甚	null	null	null	不明。なお「甘 + 匹」とする説明は古文字字形と整合しない誤説。		U+751A
0751F	生	｛生 *sreŋ はえる｝	null	地面から芽生えた草の形	「屮＋土」とする説明は古文字字形と整合しない誤説。		U+751F
07523	産	｛産 *s-ŋrarʔ うむ｝	表音文字「产 NGar」＋意味分類符「生」	null			U+7523
07532	甲	null	null	null	不明。最も古い形は十字形をしている。		U+7532
0754F	畏	｛畏 *ʔuj-s おそれる｝	null	鬼が杖のようなものを持っている形で、恐ろしいものの象徴を描いた形と思われる。			U+754F
075BE	疾	｛疾 *[dz]i[t] はやい｝	表音文字「疒 Tsit」＋意味分類符「矢」	null	「疒」は｛疾 *[dz]i[t] 病気｝の表語文字（ベッドに横たわる人の形）に由来。		U+75BE
07687	皇	null	null	null	不明。王を象徴する玉器の象形という説や、｛煌｝の表語文字（松明類の象形）という説などがある。		U+7687
076BF	皿	｛皿 *mraŋʔ さら｝	null	皿の形			U+76BF
076E1	盡	null	null	器をブラシで洗っている形？	本義は不明。容器が空になったあとのようすを描いた｛盡 *tsi[n]ʔ つきる｝の表語文字というのが定説となっている。｛洗 *[s]ˤərʔ 洗う｝を表すとする説もあるが、韻が異なる。		U+76E1
076F8	相	｛相 *saŋ みる、観察する｝	null	〈木＋目〉木を見る形			U+76F8
077E2	矢	｛矢 *l̥ijʔ や｝	null	矢の形			U+77E2
077F3	石	｛石 *dak いし｝	表語文字「厂」＋飾符「口」	石あるいは磬の形	飾符「口」を「石の形」とするのは誤り。		U+77F3
0796D	祭	null	null	null	「肉」「又」と意味分類符「主/示」を組み合わせた形で、｛祭｝の表語文字とされる。「又」旁は戦国～漢代には「攴」形に書かれた。\nしかし、甲骨文の「祭」字とされている字は、実際には別字かもしれない。		U+796D
079C1	私	null	表音文字「厶 Lij」＋意味分類符「禾」	null	本義は不明。表音文字「厶」は「四」の変形の可能性がある。		U+79C1
079CB	秋	null	null	null	「𥤚」は、「𬟏(→∅)」＋意味分類符「火」＋意味分類符「禾」。「𬟏」は秋を代表する虫の形、一説に｛螽｝の表語文字。「秋」は「𥤚」の「𬟏」部分を省略した字。「火」は分類符なので「虫を火で殺す」の類は誤説。		U+79CB
079D1	科	｛科 *kʰˤoj しな、区分、わりあてる｝	表音文字「禾 Koj」＋意味分類符「斗」	null	「穀物をはかる」等の意味があるとするのは望形生訓の誤り。		U+79D1
07A74	穴	｛穴 あな｝	null	穴居の形と考えられる			U+7A74
07A97	窗	｛窗 *[tsʰ]rˤoŋ まど｝	表音文字「悤(→忩) TSoŋ」＋意味分類符「穴」	null	なお「囱」字は略字（窻→窗→囱）であり、「囱」を窓の象形とするような説明は誤り。		U+7A97
07ACB	立	｛立 *kə-rəp たつ｝	null	人が地面に立っている形	殷周代は「立」字が｛立｝にも｛位｝にも用いられたが、後に意味分類符「人」を加えた形が分化して「位」となった。		U+7ACB
07AE0	章	null	null	null	｛璋 *taŋ 瑞玉｝の表語文字と考えられる。なお「入れ墨の針の形」のような説明は看図説話の誤説。		U+7AE0
07AF6	競	｛競 *m-kraŋʔ-s 言い争う、きそう｝	null	〈（言＋人）×２〉二人の人が言い争う形			U+7AF6
07B11	笑	null	null	null	「艸」と「犬」を組み合わせた字だが、本義は不明。後に「艸」旁は“竹”形に、「犬」旁は“夭”形に変化した。\nなお「艸」を表音文字とする説は誤り（声韻とも異なる）。また「夭」を表音文字とする説明や「巫女が云々」の類の説明は古文字字形と整合しない誤説。		U+7B11
07CFB	系	null	null	null	「奚」字あるいは「係」字の略体が秦代頃に分化した字。		U+7CFB
07D30	細	｛細 *[s]ˤe-s ほそい｝	表音文字「囟 Se」＋意味分類符「糸」	null			U+7D30
07D72	絲	｛絲 *[s]ə いと｝	null	縛った糸の形			U+7D72
07E6D	繭	null	null	null	「絲」に従い、｛繭 *kˤ[e][n]ʔ まゆ｝の表語文字と思われる。片方の「糸」旁は秦代に意味分類符「虫」に代わった。		U+7E6D
07F6A	罪	null	null	null	「网」と「非」を組み合わせた会意字。\n戦国時代までは「辠」字が｛罪｝に用いられていたが、「皇」字に似ていることから秦国で新たに作られた。「辠」は「自」と「䇂」を組み合わせた字と思われるが古文字資料が乏しく不明。		U+7F6A
07FBD	羽	｛羽 *ɢʷraʔ はね｝	鳥の羽の形と思われる	null			U+7FBD
07FD2	習	null	null	null	不明。表音文字「彗」に従う可能性が高いが（「羽」とは無関係）、音韻的な問題を含んでいる。下部は「日」だがやはり解釈が困難である。		U+7FD2
08003	考	null	null	null	「老」から分化した字。		U+8003
08005	者	null	null	null	不明。\n木枝の形という説や｛諸｝の表語文字といった説などがあるがいずれも根拠は無い。下部は飾符「口」。		U+8005
08033	耳	｛耳 *nəʔ みみ｝	みみの形	null			U+8033
08072	聲	｛聲 *l̥eŋ こえ、おと｝	null	〈石/磬（楽器の形）＋耳〉音をきく形	「声」字は「聲」の右上部分以外を省略したもの。		U+8072
08085	肅	null	null	null	「聿」に従う字だが、詳細は不明。		U+8085
080AF	肯	null	null	null	「骨」字の一部分を省略した形と思われる。本義は「骨と肉」。		U+80AF
081EA	自	｛鼻 *m-bij-s はな｝	鼻の形	null	殷墟甲骨文に本義での用例がある。		U+81EA
081ED	臭	null	null	null	｛臭 *[qʰ]u-s かぐ｝\n図形：〈自（鼻すなわち嗅覚器官）＋犬（嗅覚に優れた動物）〉		U+81ED
081F3	至	｛至 *ti[t]-s いたる｝	null	矢が目標に到達した形	「矢が到達する」等の意味があるとするのは望形生訓の誤り。		U+81F3
081FC	臼	｛臼 *gʷəʔ うす｝	null	うすの形			U+81FC
08208	興	｛興 *[r̥]əŋ おこす、はじめる｝	null	〈同＋舁〉物を持ち上げる形			U+8208
0820C	舌	｛舌 *m-lat した｝	null	舌の形			U+820C
0820D	舍	null	null	null	「余」に飾符「口」を加えた字。「余」が｛舍｝の表語文字という説がある。		U+820D
0821F	舟	｛舟 *tu ふね｝	ふねの形	null			U+821F
0864E	虎	｛虎 [kə-r̥]ˤaʔ トラ｝	null	トラの形			U+864E
08655	處	｛處 *[t-r̥]aʔ 居る、とどまる｝	表語文字「凥」＋注表符「虍 Ra」	〈尸＋几〉人が台に腰掛けた形	「処」字は「處」の上部を省略した字（「夊」の部分は人形に添えられた飾符に由来する）。		U+8655
0865A	虚	｛墟 *[k-r̥]a 大きな丘、やま｝	表音文字「(虎→)虍 Ra」＋意味分類符「丘」	null			U+865A
086C7	蛇	｛蛇 *Cə-laj へび｝	表語文字「它」＋意味分類符「虫」	ヘビの形			U+86C7
08846	衆	｛衆 *tuŋ-s 多くの人｝	null	〈日＋㐺〉太陽の下にいる人々の形。「日」は後に“血”形に変化した。			U+8846
0884C	行	｛行 *[g]ˤaŋ みち｝	null	十字路の形			U+884C
08861	衡	null	null	null	表音文字「行 Kaŋ」と「角?」「夨?」に従う字だが、本義は不明。		U+8861
08972	襲	｛襲 *s-l[ə]p （衣服を）かさねる｝	表音文字「龖(→龍) Ləp」＋意味分類符「衣」。	null	殷墟甲骨文や戦国文字には重ね着の形の表語文字も見られる。		U+8972
0897F	西	null	null	null	不明。《説文》に基づいた、｛棲｝の表語文字（鳥の巣の形）という説が一般的となっている。		U+897F
0898B	見	｛見 *kˤen-s みる｝	null	目を強調した人の形			U+898B
089AA	親	｛親 *[tsʰ]i[n] したしい、ちかい｝	表音文字「(新→)亲 (T)Sin」＋意味分類符「見*」	null	表音文字「辛」＋意味分類符「見*」（｛視｝の表語文字；見聞の「見」字とは別）からなる「⿰辛見」字の左側を「新」の略体に変更した字。楚簡では「辛 TSin + 目」「新 TSin + 心」からなる字も用いられた。\n「位牌を拝む」「身を切る」「立って子を見る」の類は誤説。		U+89AA
089D2	角	｛角 *kˤrok つの｝	null	牛の角の形			U+89D2
08A00	言	｛言 *ŋa[n] 言う｝	表語文字「舌」＋飾符「一」	null	「舌」は｛言｝｛舌｝の共同表語文字。「䇂」や「辛」とは無関係。		U+8A00
08A08	計	｛計 *kˤ[i][j]-s はかる、協議する｝	表音文字「十 Kəp」＋意味分類符「言」	null			U+8A08
08A34	訴	｛訴 *s-ŋˤak-s うったえる｝	表音文字「(㡿→)斥 NGak」＋意味分類符「言」	null	「㡿」は「排斥」の「斥」字とは無関係の別字。		U+8A34
08C37	谷	｛谷＝たに｝	null	山間のたにの形			U+8C37
08C61	象	｛象 *s-[l]aŋʔ ゾウ｝	null	ゾウの側面形			U+8C61
08C9D	貝	｛貝 *pˤat-s 貝｝	null	タカラガイの形			U+8C9D
08CAC	責	｛責 *tsˤrek とりたてる、要求する｝	表音文字「朿 TSek」＋意符「貝」	null	「とげとげしい」「針でせめる」類の説明は看図説話の誤り。		U+8CAC
08D0A	贊	null	null	null	表音文字「兟」（あるいは「兓」）＋意味分類符「貝」からなる字と考えられるが、本義は不明。		U+8D0A
08D64	赤	null	null	null	「大」と「火」からなる会意文字と思われる。表音文字「大 Lat」に従うとする説もあるが韻尾が異なる。		U+8D64
08D66	赦	｛赦 *[l̥]ak-s ゆるす｝	表音文字「亦(→赤) Lak」＋意味分類符「攴」	null			U+8D66
08DB3	足	｛足 *tsok あし｝	null	足の形			U+8DB3
08ECA	車	｛車 *[t-k]ʰra くるま｝	null	車両の形	西周代に車輪部以外の部分が省略された。		U+8ECA
08F9B	辛	null	null	null	不明。下部が「屮」（草の形）に似ているため、｛薪 *siŋ まき｝の表語文字とする説がある。\nなお「刑罰・入れ墨の道具」「針」の類の説明は根拠のない誤説。		U+8F9B
08FAD	辭	｛治 lrə おさめる｝	表語文字「𤔔(→舌)」＋注音符「𬔖(→辛) Lə」	両手で糸を操る形	「𬔖」は｛柌 *s-lə 鎌（の柄）｝の表語文字に由来し、「辛」字とは無関係。魏晋代に「𤔔」の部分が“舌”形に簡略化された。		U+8FAD
0901F	速	｛速 *[s]ˤok すみやか、はやい｝	表音文字「束* Sok」＋意味分類符「辵(→辶)」	null	「束*」は「欶」「竦」等の字と共通で、束縛の「束」字（*Tok）とは別字と思われる（声母が異なる）。		U+901F
09063	遣	｛遣 *[k]ʰe[n]ʔ つかわす｝	表語文字「𠳋」＋意味分類符「辵(→辶)」	〈𦥑（両手の形）＋𠂤（旅団）〉使者を送る形			U+9063
090CA	郊	｛郊 *[k]ˤraw 城外、都の外｝	表音文字「交 Kaw」＋意味分類符「邑」	null	殷墟甲骨文や西周金文では「蒿」字が、戦国時代には「鄗」字が、｛郊｝に用いられた。「郊」は後起形声字。		U+90CA
09109	鄉	｛郷 *qʰaŋ さと｝	表音文字「卿 Qaŋ」＋意味分類符「(邑→)𨛜」	null	「卿」は｛饗｝の表語文字（人が集まって食事をする形）に由来。		U+9109
0914C	酌	｛酌 *tewk くむ、（酒を）つぐ｝	表音文字「勺 Tewk」＋意味分類符「酉」	null			U+914C
0919C	醜	｛醜 *[k-l̥]uʔ とどまる｝	表音文字「酉 Lu」＋意味分類符「鬼」	null			U+919C
091AB	醫	｛醷 *ʔ(r)ək あまざけ｝	表音文字「殹(→医) ʔə」＋意味分類符「酉(→∅)」	null	「醫」の左上部以外を省略した簡体で、明代に産まれた字体。なお「医者、医療」は仮借で、「酒を薬として治す」の類は看図説話。		U+91AB
091C7	采	｛採 *[s-r̥]ˤəʔ とる｝	null	〈爪＋木/枼〉葉を摘み取る形			U+91C7
091DC	釜	｛釜 *b(r)aʔ かま｝	表音文字「父 Pa」＋意味分類符「金」	null	戦国時代の斉では「父 Pa + 缶」の形声字が、秦では「甫 Pa + 鬲」の形声字が、｛釜｝に用いられていた。		U+91DC
09591	閑	｛闌 *[r]ˤan かんぬき｝	null	〈門＋木〉門に渡される木			U+9591
09593	間	null	null	null	｛間｝の表語文字（門の隙間から月が見える形）という説が一般的となっている。商金文等から、｛闌 *[r]ˤan かんぬき｝が本義の形声字「月 Ran + 門」の可能性があるが、「月」が「Ran」の音価を持つ理由は不明。\nなお「月」旁は後に「日」形に変化した。		U+9593
0964D	降	｛降 *k-rˤuŋ-s おりる、くだる｝	null	〈𨸏（階段）＋夂（下降する足）〉階段を降りる形			U+964D
096BB	隻	null	null	null	「隹」と「又」からなる字だが、構意は不明。「雙」から類推して作られた字かもしれない。		U+96BB
096D9	雙	｛雙 *[s]roŋ 一対｝	null	二匹の鳥	下部の「又」は飾符と思われる。「双」は、「雙」の異体字「䨇」の上部を省略した簡体。		U+96D9
096E8	雨	｛雨 *ɢʷraʔ 雨｝	空から雨が降る形	null			U+96E8
09700	需	｛濡 *no ぬれる、つかる｝	〈雨＋天〉雨に濡れる人の形	null	「天(→而)」の部分を｛孺｝の表語文字に由来させる説もある。		U+9700
09752	青	null	null	null	表音文字「生 (T)Seŋ」＋注音符「井 TSeŋ」からなる分化字。		U+9752
09759	静	null	表音文字「争 TSeŋ」＋注音符「井 TSeŋ」＋注音符「生 (T)Seŋ」	null	「争」字にさらに表音文字が加えられて分化した字。金文の字形から直接「青」が付加されているのではなく、「井」と「生」それぞれが付加されていると考えられる。		U+9759
09769	革	｛革 *kˤrək 皮革｝	null	動物の皮革を切り開いた形			U+9769
097F3	音	｛音 *qrəm 音｝	null	〈言＋丶〉「言」の下部の「口」部分に点を加え、音声を指し示す	あるいは点は「言」と区別するために加えた無意味な点かもしれない。		U+97F3
09803	頃	｛耿 *[kʷ]ˤreŋʔ 耳が垂れる｝	null	耳の大きな顔の形			U+9803
09808	須	｛鬚 *[s-n]o くちひげ｝	ひげを生やした人の形	null			U+9808
09854	顔	｛顔 *ŋˤran かお｝	表音文字「产 NGan」＋意味分類符「頁」。「产」は飾筆が加えられて「彦」になった。	null	西周金文では意味分類符「面」に従う「⿸产面」字が使われた。秦漢代には表音文字「産」に従う字も用いられた。\nなお「入れ墨が云々」の類の説明は誤り。		U+9854
09996	首	｛首 *l̥uʔ あたま｝	null	人の頭部の形			U+9996
09AA8	骨	｛骨 *kˤut ほね｝	表語文字「冎」＋意味分類符「肉(→月)」	連なった骨の形			U+9AA8
09AD8	高	｛高 *Cə.[k]ˤaw たかい｝	null	null	高いものの代表である「京」（高楼の形）と飾符「口」からなる字。		U+9AD8
09B3C	鬼	｛鬼 *k-ʔujʔ 霊、怪異｝	null	鬼頭を強調した人の形。「面を被った人」は誤説。			U+9B3C
09B5A	魚	｛魚 *ŋa うお、さかな｝	null	魚の形			U+9B5A
09BAE	鮮	null	null	null	「魚」と「羊」からなる会意字と思われる。		U+9BAE
09E7F	鹿	｛鹿 *mə-rˤok シカ｝	シカの形	null			U+9E7F
09ED1	黑	｛墨 mˤək すみ｝	null	手を縛られた人（墨刑に処される人）の形？			U+9ED1
09F13	鼓	｛鼓 *[k]ˤaʔ つづみ｝	表語文字「壴」＋意味分類符「攴」	太鼓の形			U+9F13
09F4A	齊	null	null	null	不明。一説に｛薺｝の表語文字。また一説に｛𪗉｝の表語文字。		U+9F4A
09F52	齒	｛齒 *[t-k]ʰəʔ は｝	表語文字「𠚕」＋注音符「止 Tə」	歯の形			U+9F52
09F9C	龜	｛龜 *[k]ʷə カメ｝	カメの形	null			U+9F9C
