pieutiwbyo	dziwbyo	dziwbyoNguaidziw	thongqitmra
0342D	㐭		U+342D
034B8	㒸		U+34B8
034DD	㓝		U+34DD
034F9	㓹		U+34F9
03537	㔷		U+3537
03558	㕘		U+3558
0355F	㕟		U+355F
03561	㕡		U+3561
0356F	㕯		U+356F
035DB	㗛		U+35DB
035F3	㗳		U+35F3
03762	㝢		U+3762
03775	㝵		U+3775
037B7	㞷		U+37B7
038A1	㢡		U+38A1
038C7	㣇		U+38C7
0394F	㥏		U+394F
03951	㥑		U+3951
0395C	㥜		U+395C
039C6	㧆		U+39C6
039C9	㧉		U+39C9
039D1	㧑		U+39D1
039F1	㧱		U+39F1
03A43	㩃		U+3A43
03ABD	㪽		U+3ABD
03ADA	㫚		U+3ADA
03B2A	㬪		U+3B2A
03B87	㮇		U+3B87
03BB3	㮳		U+3BB3
03BB5	㮵		U+3BB5
03BCD	㯍		U+3BCD
03BF3	㯳		U+3BF3
03C43	㱃		U+3C43
03C8B	㲋		U+3C8B
03CB2	㲲		U+3CB2
03D4E	㵎		U+3D4E
03D85	㶅		U+3D85
03D94	㶔		U+3D94
03E6F	㹯		U+3E6F
03F75	㽵		U+3F75
03FDF	㿟		U+3FDF
040D5	䃕		U+40D5
041AB	䆫		U+41AB
041DF	䇟		U+41DF
0420E	䈎		U+420E
0428B	䊋		U+428B
042AA	䊪		U+42AA
042CE	䋎		U+42CE
04350	䍐		U+4350
043C8	䏈		U+43C8
044D6	䓖		U+44D6
04543	䕃		U+4543
0459D	䖝		U+459D
0459F	䖟		U+459F
045B5	䖵		U+45B5
04607	䘇		U+4607
0462E	䘮		U+462E
04677	䙷		U+4677
0470B	䜋		U+470B
04819	䠙		U+4819
04836	䠶		U+4836
048B5	䢵		U+48B5
048BC	䢼		U+48BC
0495D	䥝		U+495D
04964	䥤		U+4964
049DF	䧟		U+49DF
04A68	䩨		U+4A68
04B03	䬃		U+4B03
04B7E	䭾		U+4B7E
04BAF	䮯		U+4BAF
04BCE	䯎		U+4BCE
04C1F	䰟		U+4C1F
04C94	䲔		U+4C94
04C9F	䲟		U+4C9F
04CA2	䲢		U+4CA2
04CD8	䳘		U+4CD8
04D14	䴔		U+4D14
04D16	䴖		U+4D16
04D52	䵒		U+4D52
04E00	一		U+4E00
04E01	丁		U+4E01
04E03	七		U+4E03
04E07	万		U+4E07
04E08	丈		U+4E08
04E09	三		U+4E09
04E0A	上		U+4E0A
04E0B	下		U+4E0B
04E0F	丏		U+4E0F
04E11	丑		U+4E11
04E13	专		U+4E13
04E16	世		U+4E16
04E18	丘		U+4E18
04E1A	业		U+4E1A
04E1D	丝		U+4E1D
04E25	严		U+4E25
04E26	並		U+4E26
04E27	丧		U+4E27
04E28	丨		U+4E28
04E29	丩		U+4E29
04E2A	个		U+4E2A
04E2B	丫		U+4E2B
04E2D	中		U+4E2D
04E31	丱		U+4E31
04E32	串		U+4E32
04E34	临		U+4E34
04E39	丹		U+4E39
04E3A	为		U+4E3A
04E3C	丼		U+4E3C
04E45	久		U+4E45
04E49	义		U+4E49
04E4B	之		U+4E4B
04E50	乐		U+4E50
04E55	乕		U+4E55
04E56	乖		U+4E56
04E57	乗		U+4E57
04E58	乘		U+4E58
04E5D	九		U+4E5D
04E5E	乞		U+4E5E
04E60	习		U+4E60
04E61	乡		U+4E61
04E66	书		U+4E66
04E80	亀		U+4E80
04E85	亅		U+4E85
04E86	了		U+4E86
04E88	予		U+4E88
04E89	争		U+4E89
04E8C	二		U+4E8C
04E91	云		U+4E91
04E94	五		U+4E94
04E95	井		U+4E95
04E9A	亚		U+4E9A
04E9E	亞		U+4E9E
04EA1	亡		U+4EA1
04EA4	交		U+4EA4
04EA6	亦		U+4EA6
04EA7	产		U+4EA7
04EA8	亨		U+4EA8
04EA9	亩		U+4EA9
04EAB	享		U+4EAB
04EAC	京		U+4EAC
04EAD	亭		U+4EAD
04EAE	亮		U+4EAE
04EAF	亯		U+4EAF
04EB0	亰		U+4EB0
04EB2	亲		U+4EB2
04EB5	亵		U+4EB5
04EB6	亶		U+4EB6
04EBA	人		U+4EBA
04EBF	亿		U+4EBF
04EC0	什		U+4EC0
04EC1	仁		U+4EC1
04EC3	仃		U+4EC3
04EC4	仄		U+4EC4
04EC7	仇		U+4EC7
04ECA	今		U+4ECA
04ECB	介		U+4ECB
04ECE	从		U+4ECE
04ED4	仔		U+4ED4
04ED7	仗		U+4ED7
04ED9	仙		U+4ED9
04EDD	仝		U+4EDD
04EDF	仟		U+4EDF
04EE1	仡		U+4EE1
04EEA	仪		U+4EEA
04EF2	仲		U+4EF2
04EF5	仵		U+4EF5
04EF6	件		U+4EF6
04EF7	价		U+4EF7
04EFF	仿		U+4EFF
04F01	企		U+4F01
04F03	伃		U+4F03
04F0B	伋		U+4F0B
04F0D	伍		U+4F0D
04F0F	伏		U+4F0F
04F11	休		U+4F11
04F17	众		U+4F17
04F18	优		U+4F18
04F19	伙		U+4F19
04F1E	伞		U+4F1E
04F23	伣		U+4F23
04F24	伤		U+4F24
04F25	伥		U+4F25
04F2A	伪		U+4F2A
04F2D	伭		U+4F2D
04F2F	伯		U+4F2F
04F30	估		U+4F30
04F34	伴		U+4F34
04F37	伷		U+4F37
04F38	伸		U+4F38
04F43	佃		U+4F43
04F46	但		U+4F46
04F4D	位		U+4F4D
04F50	佐		U+4F50
04F51	佑		U+4F51
04F53	体		U+4F53
04F58	佘		U+4F58
04F59	余		U+4F59
04F5A	佚		U+4F5A
04F5D	佝		U+4F5D
04F5E	佞		U+4F5E
04F5F	佟		U+4F5F
04F63	佣		U+4F63
04F65	佥		U+4F65
04F69	佩		U+4F69
04F6A	佪		U+4F6A
04F70	佰		U+4F70
04F74	佴		U+4F74
04F76	佶		U+4F76
04F7A	佺		U+4F7A
04F7C	佼		U+4F7C
04F84	侄		U+4F84
04F86	來		U+4F86
04F8B	例		U+4F8B
04F8C	侌		U+4F8C
04F8D	侍		U+4F8D
04F8F	侏		U+4F8F
04F9B	供		U+4F9B
04F9C	侜		U+4F9C
04F9D	依		U+4F9D
04FA3	侣		U+4FA3
04FA6	侦		U+4FA6
04FB6	侶		U+4FB6
04FB7	侷		U+4FB7
04FC1	俁		U+4FC1
04FC2	係		U+4FC2
04FC3	促		U+4FC3
04FC4	俄		U+4FC4
04FC5	俅		U+4FC5
04FCA	俊		U+4FCA
04FCF	俏		U+4FCF
04FD0	俐		U+4FD0
04FD1	俑		U+4FD1
04FD4	俔		U+4FD4
04FD8	俘		U+4FD8
04FDA	俚		U+4FDA
04FDC	俜		U+4FDC
04FDD	保		U+4FDD
04FE1	信		U+4FE1
04FE3	俣		U+4FE3
04FED	俭		U+4FED
04FF1	俱		U+4FF1
05000	倀		U+5000
0500B	個		U+500B
05014	倔		U+5014
0501C	倜		U+501C
0501E	倞		U+501E
05023	倣		U+5023
05024	値		U+5024
05025	倥		U+5025
05028	倨		U+5028
05029	倩		U+5029
05036	倶		U+5036
05039	倹		U+5039
0503C	值		U+503C
0503E	倾		U+503E
05041	偁		U+5041
0504A	偊		U+504A
0505C	停		U+505C
0506D	偭		U+506D
05075	偵		U+5075
0507D	偽		U+507D
0508D	傍		U+508D
05098	傘		U+5098
0509A	傚		U+509A
0509E	傞		U+509E
050A8	储		U+50A8
050A9	傩		U+50A9
050AD	傭		U+50AD
050B2	傲		U+50B2
050B7	傷		U+50B7
050BB	傻		U+50BB
050BE	傾		U+50BE
050C9	僉		U+50C9
050DE	僞		U+50DE
050E9	僩		U+50E9
050F4	僴		U+50F4
050F5	僵		U+50F5
050FD	僽		U+50FD
05100	儀		U+5100
05104	億		U+5104
05109	儉		U+5109
0512A	優		U+512A
05132	儲		U+5132
0513A	儺		U+513A
0513F	儿		U+513F
05141	允		U+5141
05144	兄		U+5144
05145	充		U+5145
05147	兇		U+5147
05148	先		U+5148
05149	光		U+5149
0514E	兎		U+514E
05152	兒		U+5152
05154	兔		U+5154
05162	兢		U+5162
05165	入		U+5165
05167	內		U+5167
05168	全		U+5168
0516B	八		U+516B
0516D	六		U+516D
0516E	兮		U+516E
05171	共		U+5171
05173	关		U+5173
05174	兴		U+5174
05177	具		U+5177
05178	典		U+5178
05179	兹		U+5179
0517D	兽		U+517D
0517E	兾		U+517E
05180	冀		U+5180
05185	内		U+5185
05186	円		U+5186
05188	冈		U+5188
0518C	册		U+518C
0518D	再		U+518D
05191	冑		U+5191
0519B	军		U+519B
051AC	冬		U+51AC
051B2	冲		U+51B2
051B5	况		U+51B5
051B6	冶		U+51B6
051BC	冼		U+51BC
051BD	冽		U+51BD
051C0	净		U+51C0
051C8	凈		U+51C8
051C9	凉		U+51C9
051CA	凊		U+51CA
051CB	凋		U+51CB
051D3	凓		U+51D3
051DB	凛		U+51DB
051DC	凜		U+51DC
051E0	几		U+51E0
051E7	凧		U+51E7
051EA	凪		U+51EA
051EB	凫		U+51EB
051F0	凰		U+51F0
051F6	凶		U+51F6
051F7	凷		U+51F7
051F8	凸		U+51F8
051FA	出		U+51FA
05205	刅		U+5205
05207	切		U+5207
0520A	刊		U+520A
0520E	刎		U+520E
05211	刑		U+5211
05216	刖		U+5216
05217	列		U+5217
05219	则		U+5219
0521A	刚		U+521A
0521B	创		U+521B
0521D	初		U+521D
05224	判		U+5224
05228	刨		U+5228
05229	利		U+5229
05231	刱		U+5231
05235	刵		U+5235
0523F	刿		U+523F
0524A	削		U+524A
0524C	剌		U+524C
0524F	剏		U+524F
05251	剑		U+5251
05259	剙		U+5259
0525B	剛		U+525B
05263	剣		U+5263
05269	剩		U+5269
05270	剰		U+5270
05273	剳		U+5273
05275	創		U+5275
0527A	剺		U+527A
05282	劂		U+5282
05284	劄		U+5284
0528C	劌		U+528C
0528D	劍		U+528D
05292	劒		U+5292
0529B	力		U+529B
0529F	功		U+529F
052A2	劢		U+52A2
052A3	劣		U+52A3
052AA	努		U+52AA
052AC	劬		U+52AC
052B1	励		U+52B1
052B3	劳		U+52B3
052B4	労		U+52B4
052B9	効		U+52B9
052BB	劻		U+52BB
052BC	劼		U+52BC
052BF	势		U+52BF
052C5	勅		U+52C5
052C7	勇		U+52C7
052CB	勋		U+52CB
052CD	勍		U+52CD
052D1	勑		U+52D1
052D2	勒		U+52D2
052D4	勔		U+52D4
052DA	勚		U+52DA
052DB	勛		U+52DB
052DD	勝		U+52DD
052DE	勞		U+52DE
052E2	勢		U+52E2
052E9	勩		U+52E9
052F1	勱		U+52F1
052F5	勵		U+52F5
052F9	勹		U+52F9
052FE	勾		U+52FE
052FF	勿		U+52FF
05305	包		U+5305
05308	匈		U+5308
0530B	匋		U+530B
0530F	匏		U+530F
05316	化		U+5316
0531A	匚		U+531A
0531B	匛		U+531B
05321	匡		U+5321
05326	匦		U+5326
0532D	匭		U+532D
0532E	匮		U+532E
05331	匱		U+5331
05333	匳		U+5333
05335	匵		U+5335
05339	匹		U+5339
05340	區		U+5340
05341	十		U+5341
05343	千		U+5343
05344	卄		U+5344
05347	升		U+5347
05348	午		U+5348
05349	卉		U+5349
0534A	半		U+534A
0534E	华		U+534E
05357	南		U+5357
05362	卢		U+5362
05364	卤		U+5364
0536B	卫		U+536B
05370	印		U+5370
05375	卵		U+5375
05378	卸		U+5378
0537D	卽		U+537D
05386	历		U+5386
05389	厉		U+5389
0538B	压		U+538B
0538D	厍		U+538D
05398	厘		U+5398
05399	厙		U+5399
0539A	厚		U+539A
0539F	原		U+539F
053A2	厢		U+53A2
053A4	厤		U+53A4
053A5	厥		U+53A5
053B2	厲		U+53B2
053B9	厹		U+53B9
053BF	县		U+53BF
053C3	參		U+53C3
053C5	叅		U+53C5
053C8	又		U+53C8
053CA	及		U+53CA
053CB	友		U+53CB
053CE	収		U+53CE
053D7	受		U+53D7
053D9	叙		U+53D9
053E0	叠		U+53E0
053E3	口		U+53E3
053E4	古		U+53E4
053E5	句		U+53E5
053E9	叩		U+53E9
053EA	只		U+53EA
053EB	叫		U+53EB
053EE	叮		U+53EE
053F0	台		U+53F0
053F1	叱		U+53F1
053F3	右		U+53F3
053F4	叴		U+53F4
053F5	叵		U+53F5
053F6	叶		U+53F6
053F7	号		U+53F7
053F9	叹		U+53F9
05401	吁		U+5401
05403	吃		U+5403
05404	各		U+5404
05408	合		U+5408
05409	吉		U+5409
0540B	吋		U+540B
0540C	同		U+540C
0540D	名		U+540D
0540E	后		U+540E
05410	吐		U+5410
05411	向		U+5411
05413	吓		U+5413
05415	吕		U+5415
0541B	君		U+541B
0541D	吝		U+541D
0541E	吞		U+541E
0541F	吟		U+541F
0542A	吪		U+542A
0542B	含		U+542B
0542E	吮		U+542E
0542F	启		U+542F
05433	吳		U+5433
05434	吴		U+5434
05435	吵		U+5435
05436	吶		U+5436
05438	吸		U+5438
0543B	吻		U+543B
0543C	吼		U+543C
0543E	吾		U+543E
05442	呂		U+5442
05446	呆		U+5446
05448	呈		U+5448
05449	呉		U+5449
05450	呐		U+5450
05451	呑		U+5451
05453	呓		U+5453
05457	呗		U+5457
05458	员		U+5458
0545F	呟		U+545F
05468	周		U+5468
0546C	呬		U+546C
05474	呴		U+5474
0547B	呻		U+547B
05484	咄		U+5484
05486	咆		U+5486
0548E	咎		U+548E
0548F	咏		U+548F
054AC	咬		U+54AC
054AE	咮		U+54AE
054B2	咲		U+54B2
054BB	咻		U+54BB
054C0	哀		U+54C0
054C1	品		U+54C1
054C3	哃		U+54C3
054C4	哄		U+54C4
054C8	哈		U+54C8
054D5	哕		U+54D5
054D7	哗		U+54D7
054E1	員		U+54E1
054E2	哢		U+54E2
054E6	哦		U+54E6
054E8	哨		U+54E8
054E9	哩		U+54E9
054ED	哭		U+54ED
05501	唁		U+5501
05504	唄		U+5504
05506	唆		U+5506
05508	唈		U+5508
05510	唐		U+5510
05520	唠		U+5520
0552B	唫		U+552B
0552E	售		U+552E
05538	唸		U+5538
05541	啁		U+5541
05546	商		U+5546
0554E	啎		U+554E
0554F	問		U+554F
05555	啕		U+5555
0555F	啟		U+555F
05563	啣		U+5563
0556C	啬		U+556C
0557E	啾		U+557E
05580	喀		U+5580
05583	喃		U+5583
0558B	喋		U+558B
05591	喑		U+5591
0559F	喟		U+559F
055A4	喤		U+55A4
055A6	喦		U+55A6
055BE	喾		U+55BE
055C7	嗇		U+55C7
055D2	嗒		U+55D2
055DF	嗟		U+55DF
055E4	嗤		U+55E4
055E5	嗥		U+55E5
055F7	嗷		U+55F7
055F8	嗸		U+55F8
05606	嘆		U+5606
0560E	嘎		U+560E
05620	嘠		U+5620
05629	嘩		U+5629
0562E	嘮		U+562E
05637	嘷		U+5637
05642	噂		U+5642
0564F	噏		U+564F
05651	噑		U+5651
0565C	噜		U+565C
0565E	噞		U+565E
05664	噤		U+5664
05666	噦		U+5666
05668	器		U+5668
0566B	噫		U+566B
0566C	噬		U+566C
05673	噳		U+5673
05687	嚇		U+5687
0568A	嚊		U+568A
0568F	嚏		U+568F
05694	嚔		U+5694
05695	嚕		U+5695
0569A	嚚		U+569A
056A3	嚣		U+56A3
056B3	嚳		U+56B3
056B4	嚴		U+56B4
056BB	嚻		U+56BB
056BC	嚼		U+56BC
056C2	囂		U+56C2
056C8	囈		U+56C8
056CC	囌		U+56CC
056D7	囗		U+56D7
056D8	囘		U+56D8
056DB	四		U+56DB
056DE	回		U+56DE
056EC	囬		U+56EC
056ED	园		U+56ED
056EE	囮		U+56EE
056F0	困		U+56F0
056F3	図		U+56F3
056F4	围		U+56F4
056FA	固		U+56FA
056FE	图		U+56FE
056FF	囿		U+56FF
05704	圄		U+5704
05706	圆		U+5706
05709	圉		U+5709
0570A	圊		U+570A
0570D	圍		U+570D
0570E	圎		U+570E
05712	園		U+5712
05713	圓		U+5713
05716	圖		U+5716
0571F	土		U+571F
05723	圣		U+5723
05725	圥		U+5725
0572E	圮		U+572E
05739	圹		U+5739
0573A	场		U+573A
0573C	圼		U+573C
05740	址		U+5740
0574A	坊		U+574A
0574E	坎		U+574E
0575A	坚		U+575A
0575B	坛		U+575B
0575C	坜		U+575C
0575D	坝		U+575D
05760	坠		U+5760
05764	坤		U+5764
05766	坦		U+5766
05774	坴		U+5774
05786	垆		U+5786
0578B	型		U+578B
057A2	垢		U+57A2
057A4	垤		U+57A4
057BB	垻		U+57BB
057BE	垾		U+57BE
057C0	埀		U+57C0
057C7	埇		U+57C7
057CB	埋		U+57CB
057CE	城		U+57CE
057D8	埘		U+57D8
057D9	埙		U+57D9
057DC	埜		U+57DC
057E7	埧		U+57E7
057F4	埴		U+57F4
057F6	埶		U+57F6
05800	堀		U+5800
05805	堅		U+5805
0581E	堞		U+581E
05821	堡		U+5821
05822	堢		U+5822
05831	報		U+5831
05834	場		U+5834
05835	堵		U+5835
0583A	堺		U+583A
0584D	塍		U+584D
05852	塒		U+5852
05854	塔		U+5854
05857	塗		U+5857
05858	塘		U+5858
05864	塤		U+5864
05869	塩		U+5869
05872	塲		U+5872
05875	塵		U+5875
05885	墅		U+5885
05889	墉		U+5889
05899	墙		U+5899
0589C	墜		U+589C
058A8	墨		U+58A8
058AB	墫		U+58AB
058AD	墭		U+58AD
058BB	墻		U+58BB
058C3	壃		U+58C3
058C5	壅		U+58C5
058C7	壇		U+58C7
058C8	壈		U+58C8
058D1	壑		U+58D1
058D3	壓		U+58D3
058D9	壙		U+58D9
058DA	壚		U+58DA
058DC	壜		U+58DC
058DD	壝		U+58DD
058E2	壢		U+58E2
058EE	壮		U+58EE
058EF	壯		U+58EF
058F0	声		U+58F0
058F3	壳		U+58F3
058F6	壶		U+58F6
058F7	壷		U+58F7
058F8	壸		U+58F8
058F9	壹		U+58F9
058FA	壺		U+58FA
058FC	壼		U+58FC
058FD	壽		U+58FD
058FF	壿		U+58FF
05903	夃		U+5903
05904	处		U+5904
0590B	夋		U+590B
05912	夒		U+5912
05914	夔		U+5914
05915	夕		U+5915
05916	外		U+5916
0591C	夜		U+591C
0591F	够		U+591F
05920	夠		U+5920
05927	大		U+5927
05928	夨		U+5928
05929	天		U+5929
0592A	太		U+592A
05931	失		U+5931
05939	夹		U+5939
0593A	夺		U+593A
0593E	夾		U+593E
05941	奁		U+5941
0594B	奋		U+594B
05955	奕		U+5955
05956	奖		U+5956
05958	奘		U+5958
05961	奡		U+5961
05962	奢		U+5962
05967	奧		U+5967
05968	奨		U+5968
05969	奩		U+5969
0596A	奪		U+596A
0596C	奬		U+596C
0596D	奭		U+596D
0596E	奮		U+596E
05970	奰		U+5970
05973	女		U+5973
05974	奴		U+5974
05978	奸		U+5978
0597D	好		U+597D
05982	如		U+5982
05983	妃		U+5983
05984	妄		U+5984
05986	妆		U+5986
05987	妇		U+5987
0598D	妍		U+598D
05992	妒		U+5992
05998	妘		U+5998
05999	妙		U+5999
0599D	妝		U+599D
059A4	妤		U+59A4
059A8	妨		U+59A8
059AB	妫		U+59AB
059AC	妬		U+59AC
059AF	妯		U+59AF
059B2	妲		U+59B2
059CA	姊		U+59CA
059D1	姑		U+59D1
059D3	姓		U+59D3
059DC	姜		U+59DC
059DD	姝		U+59DD
059DE	姞		U+59DE
059E3	姣		U+59E3
059E4	姤		U+59E4
059E5	姥		U+59E5
059E6	姦		U+59E6
059EA	姪		U+59EA
059F6	姶		U+59F6
059F8	姸		U+59F8
05A01	威		U+5A01
05A09	娉		U+5A09
05A0C	娌		U+5A0C
05A18	娘		U+5A18
05A1B	娛		U+5A1B
05A25	娥		U+5A25
05A2F	娯		U+5A2F
05A31	娱		U+5A31
05A34	娴		U+5A34
05A64	婤		U+5A64
05A66	婦		U+5A66
05A67	婧		U+5A67
05A6A	婪		U+5A6A
05A76	婶		U+5A76
05A93	媓		U+5A93
05A9F	媟		U+5A9F
05AAD	媭		U+5AAD
05AAF	媯		U+5AAF
05AB5	媵		U+5AB5
05AB8	媸		U+5AB8
05AC4	嫄		U+5AC4
05AE0	嫠		U+5AE0
05AF1	嫱		U+5AF1
05AFA	嫺		U+5AFA
05AFB	嫻		U+5AFB
05B00	嬀		U+5B00
05B03	嬃		U+5B03
05B17	嬗		U+5B17
05B19	嬙		U+5B19
05B25	嬥		U+5B25
05B34	嬴		U+5B34
05B38	嬸		U+5B38
05B3E	嬾		U+5B3E
05B40	孀		U+5B40
05B50	子		U+5B50
05B51	孑		U+5B51
05B54	孔		U+5B54
05B55	孕		U+5B55
05B57	字		U+5B57
05B58	存		U+5B58
05B5A	孚		U+5B5A
05B5C	孜		U+5B5C
05B63	季		U+5B63
05B65	孥		U+5B65
05B66	学		U+5B66
05B73	孳		U+5B73
05B75	孵		U+5B75
05B76	孶		U+5B76
05B78	學		U+5B78
05B80	宀		U+5B80
05B82	宂		U+5B82
05B84	宄		U+5B84
05B88	守		U+5B88
05B8B	宋		U+5B8B
05B8D	宍		U+5B8D
05B95	宕		U+5B95
05B99	宙		U+5B99
05B9A	定		U+5B9A
05B9C	宜		U+5B9C
05B9D	宝		U+5B9D
05B9E	实		U+5B9E
05B9F	実		U+5B9F
05BA1	审		U+5BA1
05BA2	客		U+5BA2
05BA4	室		U+5BA4
05BA5	宥		U+5BA5
05BA6	宦		U+5BA6
05BAA	宪		U+5BAA
05BAB	宫		U+5BAB
05BAE	宮		U+5BAE
05BB5	宵		U+5BB5
05BBF	宿		U+5BBF
05BC7	寇		U+5BC7
05BD1	寑		U+5BD1
05BD2	寒		U+5BD2
05BE1	寡		U+5BE1
05BE2	寢		U+5BE2
05BE4	寤		U+5BE4
05BE6	實		U+5BE6
05BE9	審		U+5BE9
05BF3	寳		U+5BF3
05BF6	寶		U+5BF6
05BF8	寸		U+5BF8
05BF9	对		U+5BF9
05BFA	寺		U+5BFA
05BFB	寻		U+5BFB
05BFC	导		U+5BFC
05BFE	対		U+5BFE
05C04	射		U+5C04
05C06	将		U+5C06
05C07	將		U+5C07
05C08	專		U+5C08
05C09	尉		U+5C09
05C0A	尊		U+5C0A
05C0D	對		U+5C0D
05C0E	導		U+5C0E
05C0F	小		U+5C0F
05C11	少		U+5C11
05C16	尖		U+5C16
05C18	尘		U+5C18
05C19	尙		U+5C19
05C1F	尟		U+5C1F
05C24	尤		U+5C24
05C2A	尪		U+5C2A
05C2C	尬		U+5C2C
05C34	尴		U+5C34
05C37	尷		U+5C37
05C39	尹		U+5C39
05C3B	尻		U+5C3B
05C40	局		U+5C40
05C45	居		U+5C45
05C46	屆		U+5C46
05C48	屈		U+5C48
05C4A	届		U+5C4A
05C5A	屚		U+5C5A
05C5F	屟		U+5C5F
05C60	屠		U+5C60
05C65	履		U+5C65
05C67	屧		U+5C67
05C6C	屬		U+5C6C
05C6E	屮		U+5C6E
05C71	山		U+5C71
05C79	屹		U+5C79
05C7A	屺		U+5C7A
05C7E	屾		U+5C7E
05C81	岁		U+5C81
05C89	岉		U+5C89
05C8C	岌		U+5C8C
05C8D	岍		U+5C8D
05C91	岑		U+5C91
05C97	岗		U+5C97
05C98	岘		U+5C98
05C9A	岚		U+5C9A
05CA1	岡		U+5CA1
05CA3	岣		U+5CA3
05CA9	岩		U+5CA9
05CAB	岫		U+5CAB
05CB5	岵		U+5CB5
05CB8	岸		U+5CB8
05CC3	峃		U+5CC3
05CC9	峉		U+5CC9
05CD2	峒		U+5CD2
05CD9	峙		U+5CD9
05CDB	峛		U+5CDB
05CE5	峥		U+5CE5
05CE8	峨		U+5CE8
05CE9	峩		U+5CE9
05CED	峭		U+5CED
05CF4	峴		U+5CF4
05CFB	峻		U+5CFB
05CFF	峿		U+5CFF
05D03	崃		U+5D03
05D04	崄		U+5D04
05D06	崆		U+5D06
05D0B	崋		U+5D0B
05D0C	崌		U+5D0C
05D0D	崍		U+5D0D
05D10	崐		U+5D10
05D11	崑		U+5D11
05D17	崗		U+5D17
05D1B	崛		U+5D1B
05D1D	崝		U+5D1D
05D1F	崟		U+5D1F
05D22	崢		U+5D22
05D2B	崫		U+5D2B
05D34	崴		U+5D34
05D46	嵆		U+5D46
05D47	嵇		U+5D47
05D4A	嵊		U+5D4A
05D52	嵒		U+5D52
05D53	嵓		U+5D53
05D57	嵗		U+5D57
05D5A	嵚		U+5D5A
05D6B	嵫		U+5D6B
05D6F	嵯		U+5D6F
05D73	嵳		U+5D73
05D88	嶈		U+5D88
05D94	嶔		U+5D94
05D9F	嶟		U+5D9F
05DA1	嶡		U+5DA1
05DA8	嶨		U+5DA8
05DAA	嶪		U+5DAA
05DAB	嶫		U+5DAB
05DAE	嶮		U+5DAE
05DDB	巛		U+5DDB
05DDD	川		U+5DDD
05DDE	州		U+5DDE
05DDF	巟		U+5DDF
05DE1	巡		U+5DE1
05DE2	巢		U+5DE2
05DE4	巤		U+5DE4
05DE5	工		U+5DE5
05DE6	左		U+5DE6
05DE8	巨		U+5DE8
05DE9	巩		U+5DE9
05DEB	巫		U+5DEB
05DEE	差		U+5DEE
05DF1	己		U+5DF1
05DF7	巷		U+5DF7
05DFE	巾		U+5DFE
05E02	市		U+5E02
05E05	帅 		U+5E05
05E08	师		U+5E08
05E10	帐		U+5E10
05E11	帑		U+5E11
05E15	帕		U+5E15
05E18	帘		U+5E18
05E19	帙		U+5E19
05E1A	帚		U+5E1A
05E1B	帛		U+5E1B
05E1E	帞		U+5E1E
05E1F	帟		U+5E1F
05E22	帢		U+5E22
05E2C	帬		U+5E2C
05E2D	席		U+5E2D
05E33	帳		U+5E33
05E4C	幌		U+5E4C
05E72	干		U+5E72
05E74	年		U+5E74
05E75	幵		U+5E75
05E76	并		U+5E76
05E79	幹		U+5E79
05E7B	幻		U+5E7B
05E7F	广		U+5E7F
05E81	庁		U+5E81
05E83	広		U+5E83
05E84	庄		U+5E84
05E86	庆		U+5E86
05E8A	床		U+5E8A
05E8F	序		U+5E8F
05E93	库		U+5E93
05E96	庖		U+5E96
05E9A	庚		U+5E9A
05EA4	庤		U+5EA4
05EA5	庥		U+5EA5
05EA6	度		U+5EA6
05EAB	庫		U+5EAB
05EB6	庶		U+5EB6
05EB7	康		U+5EB7
05EB8	庸		U+5EB8
05EBE	庾		U+5EBE
05EC2	廂		U+5EC2
05ECA	廊		U+5ECA
05ED5	廕		U+5ED5
05EDB	廛		U+5EDB
05EE3	廣		U+5EE3
05EE7	廧		U+5EE7
05EE9	廩		U+5EE9
05EEA	廪		U+5EEA
05EF1	廱		U+5EF1
05EF4	廴		U+5EF4
05EF5	廵		U+5EF5
05EFB	廻		U+5EFB
05EFD	廽		U+5EFD
05EFE	廾		U+5EFE
05EFF	廿		U+5EFF
05F00	开		U+5F00
05F02	异		U+5F02
05F03	弃		U+5F03
05F04	弄		U+5F04
05F08	弈		U+5F08
05F0C	弌		U+5F0C
05F0D	弍		U+5F0D
05F0E	弎		U+5F0E
05F10	弐		U+5F10
05F13	弓		U+5F13
05F18	弘		U+5F18
05F20	张		U+5F20
05F26	弦		U+5F26
05F29	弩		U+5F29
05F35	張		U+5F35
05F36	弶		U+5F36
05F37	強		U+5F37
05F3A	强		U+5F3A
05F49	彉		U+5F49
05F4A	彊		U+5F4A
05F4D	彍		U+5F4D
05F50	彐		U+5F50
05F51	彑		U+5F51
05F52	归		U+5F52
05F58	彘		U+5F58
05F59	彙		U+5F59
05F5A	彚		U+5F5A
05F5D	彝		U+5F5D
05F61	彡		U+5F61
05F62	形		U+5F62
05F64	彤		U+5F64
05F6B	彫		U+5F6B
05F6C	彬		U+5F6C
05F71	影		U+5F71
05F73	彳		U+5F73
05F76	彶		U+5F76
05F77	彷		U+5F77
05F80	往		U+5F80
05F81	征		U+5F81
05F85	待		U+5F85
05F8A	徊		U+5F8A
05F8B	律		U+5F8B
05F8C	後		U+5F8C
05F90	徐		U+5F90
05F92	徒		U+5F92
05F95	徕		U+5F95
05F97	得		U+5F97
05F9E	從		U+5F9E
05FA0	徠		U+5FA0
05FA1	御		U+5FA1
05FA8	徨		U+5FA8
05FAC	徬		U+5FAC
05FB3	徳		U+5FB3
05FB7	德		U+5FB7
05FC6	忆		U+5FC6
05FCC	忌		U+5FCC
05FD4	忔		U+5FD4
05FD6	忖		U+5FD6
05FD7	志		U+5FD7
05FD8	忘		U+5FD8
05FD9	忙		U+5FD9
05FDD	忝		U+5FDD
05FE0	忠		U+5FE0
05FE1	忡		U+5FE1
05FE4	忤		U+5FE4
05FE7	忧		U+5FE7
05FF5	念		U+5FF5
05FFD	忽		U+5FFD
05FFE	忾		U+5FFE
06005	怅		U+6005
06012	怒		U+6012
06014	怔		U+6014
06015	怕		U+6015
06019	怙		U+6019
0601B	怛		U+601B
06025	急		U+6025
06027	性		U+6027
0602A	怪		U+602A
0602C	怬		U+602C
06033	怳		U+6033
06035	怵		U+6035
0603C	怼		U+603C
06043	恃		U+6043
06046	恆		U+6046
06047	恇		U+6047
0604D	恍		U+604D
06050	恐		U+6050
06054	恔		U+6054
06055	恕		U+6055
0605F	恟		U+605F
06060	恠		U+6060
06062	恢		U+6062
06065	恥		U+6065
0606A	恪		U+606A
0606B	恫		U+606B
0606C	恬		U+606C
0606D	恭		U+606D
06070	恰		U+6070
0607F	恿		U+607F
06083	悃		U+6083
06084	悄		U+6084
0608B	悋		U+608B
0608D	悍		U+608D
06092	悒		U+6092
0609B	悛		U+609B
0609D	悝		U+609D
0609E	悞		U+609E
0609F	悟		U+609F
060A2	悢		U+60A2
060A3	患		U+60A3
060AD	悭		U+60AD
060AE	悮		U+60AE
060AF	悯		U+60AF
060B3	悳		U+60B3
060B5	悵		U+60B5
060B6	悶		U+60B6
060B8	悸		U+60B8
060BE	悾		U+60BE
060C5	情		U+60C5
060C6	惆		U+60C6
060CA	惊		U+60CA
060CF	惏		U+60CF
060D8	惘		U+60D8
060DA	惚		U+60DA
060E7	惧		U+60E7
060EA	惪		U+60EA
060EF	惯		U+60EF
060F3	想		U+60F3
060F5	惵		U+60F5
060F6	惶		U+60F6
060FA	惺		U+60FA
06100	愀		U+6100
06101	愁		U+6101
0610F	意		U+610F
06114	愔		U+6114
06126	愦		U+6126
0613A	愺		U+613A
0613C	愼		U+613C
0613E	愾		U+613E
0613F	愿		U+613F
06142	慂		U+6142
06144	慄		U+6144
06148	慈		U+6148
0614C	慌		U+614C
06163	慣		U+6163
06165	慥		U+6165
06170	慰		U+6170
06173	慳		U+6173
06175	慵		U+6175
06177	慷		U+6177
06182	憂		U+6182
06192	憒		U+6192
061AB	憫		U+61AB
061AC	憬		U+61AC
061B6	憶		U+61B6
061CD	懍		U+61CD
061D2	懒		U+61D2
061D4	懔		U+61D4
061DF	懟		U+61DF
061E5	懥		U+61E5
061F6	懶		U+61F6
06209	戉		U+6209
0620C	戌		U+620C
06210	成		U+6210
06211	我		U+6211
06212	戒		U+6212
06215	戕		U+6215
0621B	戛		U+621B
0621E	戞		U+621E
0621F	戟		U+621F
06236	戶		U+6236
06237	户		U+6237
06238	戸		U+6238
0623B	戻		U+623B
0623D	戽		U+623D
0623F	房		U+623F
06246	扆		U+6246
06248	扈		U+6248
0624B	手		U+624B
0624E	扎		U+624E
06250	扐		U+6250
06252	扒		U+6252
06253	打		U+6253
0625B	扛		U+625B
0625E	扞		U+625E
06262	扢		U+6262
06263	扣		U+6263
06267	执		U+6267
06269	扩		U+6269
0626A	扪		U+626A
0626C	扬		U+626C
0626F	扯		U+626F
06270	扰		U+6270
06271	扱		U+6271
06284	抄		U+6284
06286	抆		U+6286
06291	抑		U+6291
06292	抒		U+6292
06295	投		U+6295
06296	抖		U+6296
062A5	报		U+62A5
062B1	抱		U+62B1
062B4	抴		U+62B4
062B6	抶		U+62B6
062BD	抽		U+62BD
062C5	担		U+62C5
062C9	拉		U+62C9
062CC	拌		U+62CC
062CD	拍		U+62CD
062CF	拏		U+62CF
062D2	拒		U+62D2
062D3	拓		U+62D3
062D8	拘		U+62D8
062D9	拙		U+62D9
062DC	拜		U+62DC
062DD	拝		U+62DD
062E1	拡		U+62E1
062E5	拥		U+62E5
062EE	拮		U+62EE
062F1	拱		U+62F1
062F4	拴		U+62F4
062F6	拶		U+62F6
062FD	拽		U+62FD
062FE	拾		U+62FE
062FF	拿		U+62FF
06301	持		U+6301
06303	挃		U+6303
0630D	挍		U+630D
06310	挐		U+6310
06339	挹		U+6339
06342	捂		U+6342
06343	捃		U+6343
06344	捄		U+6344
06345	捅		U+6345
06349	捉		U+6349
0634D	捍		U+634D
0634E	捎		U+634E
0634F	捏		U+634F
06357	捗		U+6357
0635E	捞		U+635E
0635F	损		U+635F
06361	捡		U+6361
06366	捦		U+6366
06368	捨		U+6368
0636B	捫		U+636B
0636E	据		U+636E
0637B	捻		U+637B
06388	授		U+6388
0638F	掏		U+638F
06396	掖		U+6396
06398	掘		U+6398
0639F	掟		U+639F
063A0	掠		U+63A0
063A7	控		U+63A7
063BC	掼		U+63BC
063C5	揅		U+63C5
063D1	揑		U+63D1
063D2	插		U+63D2
063DA	揚		U+63DA
063E2	揢		U+63E2
063F2	揲		U+63F2
063F7	揷		U+63F7
063FD	揽		U+63FD
06405	搅		U+6405
0640D	損		U+640D
06412	搒		U+6412
06413	搓		U+6413
0641C	搜		U+641C
0642A	搪		U+642A
0642D	搭		U+642D
06434	搴		U+6434
0644A	摊		U+644A
0645C	摜		U+645C
0646B	摫		U+646B
0646D	摭		U+646D
0647C	摼		U+647C
06485	撅		U+6485
06488	撈		U+6488
0648A	撊		U+648A
06499	撙		U+6499
0649D	撝		U+649D
064A6	撦		U+64A6
064B7	撷		U+64B7
064B9	撹		U+64B9
064BF	撿		U+64BF
064C0	擀		U+64C0
064C1	擁		U+64C1
064C5	擅		U+64C5
064CE	擎		U+64CE
064D2	擒		U+64D2
064E1	擡		U+64E1
064E2	擢		U+64E2
064E5	擥		U+64E5
064F4	擴		U+64F4
064F7	擷		U+64F7
064FE	擾		U+64FE
06510	攐		U+6510
06513	攓		U+6513
06524	攤		U+6524
0652A	攪		U+652A
0652C	攬		U+652C
06536	收		U+6536
0653B	攻		U+653B
0653E	放		U+653E
0653F	政		U+653F
06542	敂		U+6542
06545	故		U+6545
06548	效		U+6548
06549	敉		U+6549
0654D	敍		U+654D
0654E	敎		U+654E
06551	救		U+6551
06554	敔		U+6554
06555	敕		U+6555
06556	敖		U+6556
06557	敗		U+6557
06558	敘		U+6558
0655B	敛		U+655B
06563	散		U+6563
06569	敩		U+6569
0656C	敬		U+656C
0656D	敭		U+656D
06574	整		U+6574
06582	斂		U+6582
06585	斅		U+6585
06586	斆		U+6586
06587	文		U+6587
0658C	斌		U+658C
06591	斑		U+6591
06597	斗		U+6597
06599	料		U+6599
0659C	斜		U+659C
065A8	斨		U+65A8
065A9	斩		U+65A9
065AB	斫		U+65AB
065B2	斲		U+65B2
065B9	方		U+65B9
065C1	旁		U+65C1
065C3	旃		U+65C3
065C5	旅		U+65C5
065CC	旌		U+65CC
065D3	旓		U+65D3
065E3	旣		U+65E3
065E5	日		U+65E5
065E6	旦		U+65E6
065E7	旧		U+65E7
065E9	早		U+65E9
065ED	旭		U+65ED
065F0	旰		U+65F0
065F1	旱		U+65F1
065F6	时		U+65F6
065F7	旷		U+65F7
065F8	旸		U+65F8
065FA	旺		U+65FA
065FB	旻		U+65FB
065FC	旼		U+65FC
06603	昃		U+6603
06606	昆		U+6606
06607	昇		U+6607
06608	昈		U+6608
06609	昉		U+6609
0660A	昊		U+660A
06612	昒		U+6612
06619	昙		U+6619
0661C	昜		U+661C
0661F	星		U+661F
0662B	昫		U+662B
06631	昱		U+6631
06633	昳		U+6633
0663C	昼		U+663C
0663E	显		U+663E
06642	時		U+6642
06643	晃		U+6643
06644	晄		U+6644
06648	晈		U+6648
06654	晔		U+6654
0665B	晛		U+665B
0665C	晜		U+665C
0665D	晝		U+665D
0665F	晟		U+665F
06664	晤		U+6664
0666E	普		U+666E
0666F	景		U+666F
06674	晴		U+6674
06676	晶		U+6676
06677	晷		U+6677
06691	暑		U+6691
06697	暗		U+6697
06698	暘		U+6698
066A2	暢		U+66A2
066A4	暤		U+66A4
066A6	暦		U+66A6
066AD	暭		U+66AD
066B5	暵		U+66B5
066B9	暹		U+66B9
066C4	曄		U+66C4
066C5	曅		U+66C5
066C6	曆		U+66C6
066C7	曇		U+66C7
066CD	曍		U+66CD
066D1	曑		U+66D1
066D9	曙		U+66D9
066DC	曜		U+66DC
066E0	曠		U+66E0
066E1	曡		U+66E1
066E6	曦		U+66E6
066F0	曰		U+66F0
066F2	曲		U+66F2
066F3	曳		U+66F3
066F6	曶		U+66F6
066F8	書		U+66F8
066FA	曺		U+66FA
066FE	曾		U+66FE
066FF	替		U+66FF
06703	會		U+6703
06708	月		U+6708
06709	有		U+6709
06710	朐		U+6710
06712	朒		U+6712
06715	朕		U+6715
06716	朖		U+6716
06717	朗		U+6717
06718	朘		U+6718
0671B	望		U+671B
06722	朢		U+6722
06728	木		U+6728
0672C	本		U+672C
0672D	札		U+672D
0672E	朮		U+672E
0672F	术		U+672F
06731	朱		U+6731
06738	朸		U+6738
06743	权		U+6743
06744	杄		U+6744
06746	杆		U+6746
06749	杉		U+6749
0674E	李		U+674E
0674F	杏		U+674F
06751	村		U+6751
06755	杕		U+6755
06756	杖		U+6756
06757	杗		U+6757
0675C	杜		U+675C
0675E	杞		U+675E
06760	杠		U+6760
06762	杢		U+6762
06765	来		U+6765
06768	杨		U+6768
0676A	杪		U+676A
06774	杴		U+6774
06775	杵		U+6775
0677C	杼		U+677C
06781	极		U+6781
06785	枅		U+6785
06789	枉		U+6789
0678B	枋		U+678B
0678D	枍		U+678D
06793	枓		U+6793
06797	林		U+6797
06798	枘		U+6798
067A1	枡		U+67A1
067A3	枣		U+67A3
067A5	枥		U+67A5
067A8	枨		U+67A8
067AD	枭		U+67AD
067AF	枯		U+67AF
067B5	枵		U+67B5
067B8	枸		U+67B8
067BB	枻		U+67BB
067BC	枼		U+67BC
067C8	柈		U+67C8
067CA	柊		U+67CA
067CF	柏		U+67CF
067D2	柒		U+67D2
067D8	柘		U+67D8
067DA	柚		U+67DA
067DC	柜		U+67DC
067E9	柩		U+67E9
067FE	柾		U+67FE
06803	栃		U+6803
0680C	栌		U+680C
06811	树		U+6811
06813	栓		U+6813
06817	栗		U+6817
0681A	栚		U+681A
0681D	栝		U+681D
0681E	栞		U+681E
06821	校		U+6821
06822	栢		U+6822
0682A	株		U+682A
0682B	栫		U+682B
06831	栱		U+6831
06834	栴		U+6834
0683C	格		U+683C
06841	桁		U+6841
06844	桄		U+6844
06846	框		U+6846
0684E	桎		U+684E
06850	桐		U+6850
06852	桒		U+6852
06854	桔		U+6854
0685D	桝		U+685D
06862	桢		U+6862
06866	桦		U+6866
06868	桨		U+6868
06876	桶		U+6876
06879	桹		U+6879
0687E	桾		U+687E
0687F	桿		U+687F
06881	梁		U+6881
06882	梂		U+6882
0689F	梟		U+689F
068A0	梠		U+68A0
068A2	梢		U+68A2
068A7	梧		U+68A7
068AC	梬		U+68AC
068AD	梭		U+68AD
068B0	械		U+68B0
068B1	梱		U+68B1
068BF	梿		U+68BF
068C0	检		U+68C0
068C4	棄		U+68C4
068CD	棍		U+68CD
068D6	棖		U+68D6
068D7	棗		U+68D7
068D8	棘		U+68D8
068EE	森		U+68EE
068F9	棹		U+68F9
068FD	棽		U+68FD
06906	椆		U+6906
06907	椇		U+6907
06909	椉		U+6909
0690B	椋		U+690B
0690D	植		U+690D
06910	椐		U+6910
0691B	椛		U+691B
0691C	検		U+691C
0691F	椟		U+691F
0694A	楊		U+694A
0695B	楛		U+695B
06960	楠		U+6960
06968	楨		U+6968
0696D	業		U+696D
0696E	楮		U+696E
06978	楸		U+6978
06979	楹		U+6979
06984	榄		U+6984
06988	榈		U+6988
0698A	榊		U+698A
06994	榔		U+6994
06998	榘		U+6998
0699C	榜		U+699C
069A9	榩		U+69A9
069AD	榭		U+69AD
069BA	榺		U+69BA
069CE	槎		U+69CE
069D3	槓		U+69D3
069D4	槔		U+69D4
069DB	槛		U+69DB
069E0	槠		U+69E0
069E4	槤		U+69E4
069F3	槳		U+69F3
069F9	槹		U+69F9
069FA	槺		U+69FA
069FB	槻		U+69FB
06A02	樂		U+6A02
06A0B	樋		U+6A0B
06A10	樐		U+6A10
06A11	樑		U+6A11
06A2A	横		U+6A2A
06A2B	樫		U+6A2B
06A2F	樯		U+6A2F
06A32	樲		U+6A32
06A3A	樺		U+6A3A
06A3D	樽		U+6A3D
06A3E	樾		U+6A3E
06A50	橐		U+6A50
06A5B	橛		U+6A5B
06A5C	橜		U+6A5C
06A65	橥		U+6A65
06A6B	橫		U+6A6B
06A70	橰		U+6A70
06A79	橹		U+6A79
06A7F	橿		U+6A7F
06A80	檀		U+6A80
06A8D	檍		U+6A8D
06A8E	檎		U+6A8E
06AA0	檠		U+6AA0
06AA2	檢		U+6AA2
06AA3	檣		U+6AA3
06AAF	檯		U+6AAF
06ABB	檻		U+6ABB
06AC2	櫂		U+6AC2
06AC3	櫃		U+6AC3
06AD3	櫓		U+6AD3
06AD4	櫔		U+6AD4
06ADA	櫚		U+6ADA
06ADC	櫜		U+6ADC
06ADD	櫝		U+6ADD
06AE7	櫧		U+6AE7
06AE8	櫨		U+6AE8
06AEA	櫪		U+6AEA
06AEB	櫫		U+6AEB
06B16	欖		U+6B16
06B1D	欝		U+6B1D
06B20	欠		U+6B20
06B2E	欮		U+6B2E
06B31	欱		U+6B31
06B35	欵		U+6B35
06B3D	欽		U+6B3D
06B3E	款		U+6B3E
06B46	歆		U+6B46
06B4E	歎		U+6B4E
06B59	歙		U+6B59
06B5B	歛		U+6B5B
06B62	止		U+6B62
06B63	正		U+6B63
06B6B	歫		U+6B6B
06B6C	歬		U+6B6C
06B6F	歯		U+6B6F
06B72	歲		U+6B72
06B73	歳		U+6B73
06B74	歴		U+6B74
06B77	歷		U+6B77
06B78	歸		U+6B78
06B7E	歾		U+6B7E
06B7F	歿		U+6B7F
06B81	殁		U+6B81
06B87	殇		U+6B87
06B8A	殊		U+6B8A
06B92	殒		U+6B92
06B93	殓		U+6B93
06B96	殖		U+6B96
06B9E	殞		U+6B9E
06BA4	殤		U+6BA4
06BAD	殭		U+6BAD
06BAE	殮		U+6BAE
06BB3	殳		U+6BB3
06BB8	殸		U+6BB8
06BC1	毁		U+6BC1
06BC9	毉		U+6BC9
06BCC	毌		U+6BCC
06BD5	毕		U+6BD5
06BE1	毡		U+6BE1
06BE6	毦		U+6BE6
06BEC	毬		U+6BEC
06C02	氂		U+6C02
06C04	氄		U+6C04
06C08	氈		U+6C08
06C0A	氊		U+6C0A
06C0E	氎		U+6C0E
06C13	氓		U+6C13
06C14	气		U+6C14
06C17	気		U+6C17
06C23	氣		U+6C23
06C34	水		U+6C34
06C38	永		U+6C38
06C3F	氿		U+6C3F
06C40	汀		U+6C40
06C41	汁		U+6C41
06C42	求		U+6C42
06C47	汇		U+6C47
06C49	汉		U+6C49
06C4F	汏		U+6C4F
06C50	汐		U+6C50
06C54	汔		U+6C54
06C55	汕		U+6C55
06C57	汗		U+6C57
06C5D	汝		U+6C5D
06C5E	汞		U+6C5E
06C5F	江		U+6C5F
06C64	汤		U+6C64
06C67	汧		U+6C67
06C68	汨		U+6C68
06C69	汩		U+6C69
06C6A	汪		U+6C6A
06C6D	汭		U+6C6D
06C70	汰		U+6C70
06C72	汲		U+6C72
06C76	汶		U+6C76
06C79	汹		U+6C79
06C7D	汽		U+6C7D
06C84	沄		U+6C84
06C88	沈		U+6C88
06C8F	沏		U+6C8F
06C90	沐		U+6C90
06C92	沒		U+6C92
06C94	沔		U+6C94
06C95	沕		U+6C95
06C96	沖		U+6C96
06C9A	沚		U+6C9A
06CA1	没		U+6CA1
06CA5	沥		U+6CA5
06CA9	沩		U+6CA9
06CAA	沪		U+6CAA
06CAD	沭		U+6CAD
06CB9	油		U+6CB9
06CBA	沺		U+6CBA
06CBD	沽		U+6CBD
06CC1	況		U+6CC1
06CC4	泄		U+6CC4
06CCA	泊		U+6CCA
06CD0	泐		U+6CD0
06CD3	泓		U+6CD3
06CD7	泗		U+6CD7
06CE1	泡		U+6CE1
06CE3	泣		U+6CE3
06CEB	泫		U+6CEB
06CEE	泮		U+6CEE
06CF0	泰		U+6CF0
06CF3	泳		U+6CF3
06CF8	泸		U+6CF8
06D01	洁		U+6D01
06D04	洄		U+6D04
06D0A	洊		U+6D0A
06D0C	洌		U+6D0C
06D11	洑		U+6D11
06D17	洗		U+6D17
06D19	洙		U+6D19
06D1B	洛		U+6D1B
06D1E	洞		U+6D1E
06D27	洧		U+6D27
06D28	洨		U+6D28
06D29	洩		U+6D29
06D2A	洪		U+6D2A
06D2D	洭		U+6D2D
06D31	洱		U+6D31
06D32	洲		U+6D32
06D33	洳		U+6D33
06D36	洶		U+6D36
06D38	洸		U+6D38
06D3D	洽		U+6D3D
06D44	浄		U+6D44
06D46	浆		U+6D46
06D48	浈		U+6D48
06D52	浒		U+6D52
06D5A	浚		U+6D5A
06D5E	浞		U+6D5E
06D63	浣		U+6D63
06D65	浥		U+6D65
06D6A	浪		U+6D6A
06D6C	浬		U+6D6C
06D6E	浮		U+6D6E
06D6F	浯		U+6D6F
06D70	浰		U+6D70
06D7F	浿		U+6D7F
06D82	涂		U+6D82
06D83	涃		U+6D83
06D85	涅		U+6D85
06D88	消		U+6D88
06D89	涉		U+6D89
06D8C	涌		U+6D8C
06D94	涔		U+6D94
06D96	涖		U+6D96
06D9C	涜		U+6D9C
06D9D	涝		U+6D9D
06D9E	涞		U+6D9E
06D9F	涟		U+6D9F
06DA2	涢		U+6DA2
06DA6	润		U+6DA6
06DA7	涧		U+6DA7
06DA8	涨		U+6DA8
06DA9	涩		U+6DA9
06DB1	涱		U+6DB1
06DB2	液		U+6DB2
06DB8	涸		U+6DB8
06DBC	涼		U+6DBC
06DC0	淀		U+6DC0
06DCB	淋		U+6DCB
06DDD	淝		U+6DDD
06DDF	淟		U+6DDF
06DE0	淠		U+6DE0
06DE6	淦		U+6DE6
06DE8	淨		U+6DE8
06DF4	淴		U+6DF4
06DF6	淶		U+6DF6
06DF7	混		U+6DF7
06DF8	淸		U+6DF8
06DFB	添		U+6DFB
06DFC	淼		U+6DFC
06E05	清		U+6E05
06E09	渉		U+6E09
06E0E	渎		U+6E0E
06E14	渔		U+6E14
06E1A	渚		U+6E1A
06E1F	渟		U+6E1F
06E20	渠		U+6E20
06E21	渡		U+6E21
06E2B	渫		U+6E2B
06E2D	渭		U+6E2D
06E2F	港		U+6E2F
06E3A	渺		U+6E3A
06E43	湃		U+6E43
06E49	湉		U+6E49
06E4E	湎		U+6E4E
06E56	湖		U+6E56
06E58	湘		U+6E58
06E5E	湞		U+6E5E
06E5F	湟		U+6E5F
06E67	湧		U+6E67
06E6B	湫		U+6E6B
06E6F	湯		U+6E6F
06E79	湹		U+6E79
06E7C	湼		U+6E7C
06E83	溃		U+6E83
06E86	溆		U+6E86
06E88	溈		U+6E88
06E8F	溏		U+6E8F
06E90	源		U+6E90
06EA0	溠		U+6EA0
06EA7	溧		U+6EA7
06EB3	溳		U+6EB3
06EC1	滁		U+6EC1
06EC2	滂		U+6EC2
06EC5	滅		U+6EC5
06EC9	滉		U+6EC9
06ECB	滋		U+6ECB
06ECD	滍		U+6ECD
06ED5	滕		U+6ED5
06EE5	滥		U+6EE5
06EE9	滩		U+6EE9
06EEA	滪		U+6EEA
06EEC	滬		U+6EEC
06EF7	滷		U+6EF7
06EF8	滸		U+6EF8
06F01	漁		U+6F01
06F09	漉		U+6F09
06F0F	漏		U+6F0F
06F22	漢		U+6F22
06F23	漣		U+6F23
06F26	漦		U+6F26
06F32	漲		U+6F32
06F35	漵		U+6F35
06F36	漶		U+6F36
06F3F	漿		U+6F3F
06F40	潀		U+6F40
06F41	潁		U+6F41
06F4A	潊		U+6F4A
06F4B	潋		U+6F4B
06F59	潙		U+6F59
06F5B	潛		U+6F5B
06F5D	潝		U+6F5D
06F5E	潞		U+6F5E
06F62	潢		U+6F62
06F64	潤		U+6F64
06F68	潨		U+6F68
06F70	潰		U+6F70
06F74	潴		U+6F74
06F78	潸		U+6F78
06F80	澀		U+6F80
06F81	澁		U+6F81
06F87	澇		U+6F87
06F90	澐		U+6F90
06F92	澒		U+6F92
06F97	澗		U+6F97
06FA3	澣		U+6FA3
06FA6	澦		U+6FA6
06FA7	澧		U+6FA7
06FA8	澨		U+6FA8
06FAD	澭		U+6FAD
06FB0	澰		U+6FB0
06FB6	澶		U+6FB6
06FC7	濇		U+6FC7
06FCA	濊		U+6FCA
06FD1	濑		U+6FD1
06FDE	濞		U+6FDE
06FEB	濫		U+6FEB
06FEF	濯		U+6FEF
06FF3	濳		U+6FF3
07006	瀆		U+7006
07007	瀇		U+7007
0700B	瀋		U+700B
0700D	瀍		U+700D
07018	瀘		U+7018
0701B	瀛		U+701B
0701D	瀝		U+701D
0701E	瀞		U+701E
07026	瀦		U+7026
07028	瀨		U+7028
0702C	瀬		U+702C
07032	瀲		U+7032
07039	瀹		U+7039
07049	灉		U+7049
07058	灘		U+7058
0706B	火		U+706B
0706D	灭		U+706D
0706F	灯		U+706F
07070	灰		U+7070
07078	灸		U+7078
0707E	灾		U+707E
07080	炀		U+7080
07089	炉		U+7089
07092	炒		U+7092
0709F	炟		U+709F
070AB	炫		U+70AB
070AC	炬		U+70AC
070AE	炮		U+70AE
070B0	炰		U+70B0
070BA	為		U+70BA
070C8	烈		U+70C8
070CB	烋		U+70CB
070D4	烔		U+70D4
070D5	烕		U+70D5
070D8	烘		U+70D8
070D9	烙		U+70D9
070E6	烦		U+70E6
070E8	烨		U+70E8
070ED	热		U+70ED
070F9	烹		U+70F9
0710A	焊		U+710A
0711A	焚		U+711A
0711C	焜		U+711C
0712B	焫		U+712B
0714C	煌		U+714C
07151	煑		U+7151
0715C	煜		U+715C
07160	煠		U+7160
07166	煦		U+7166
07169	煩		U+7169
0716C	煬		U+716C
0716E	煮		U+716E
071A8	熨		U+71A8
071AC	熬		U+71AC
071AF	熯		U+71AF
071B1	熱		U+71B1
071B2	熲		U+71B2
071C1	燁		U+71C1
071E7	燧		U+71E7
071EE	燮		U+71EE
071FF	燿		U+71FF
07207	爇		U+7207
07210	爐		U+7210
07217	爗		U+7217
0721A	爚		U+721A
0721D	爝		U+721D
0721E	爞		U+721E
0722D	爭		U+722D
0722F	爯		U+722F
07231	爱		U+7231
07232	爲		U+7232
07235	爵		U+7235
0723F	爿		U+723F
07240	牀		U+7240
07242	牂		U+7242
07246	牆		U+7246
07247	片		U+7247
07249	牉		U+7249
0724D	牍		U+724D
07252	牒		U+7252
07253	牓		U+7253
07258	牘		U+7258
0725B	牛		U+725B
07266	牦		U+7266
07269	物		U+7269
0726F	牯		U+726F
07272	牲		U+7272
07275	牵		U+7275
07277	牷		U+7277
07278	牸		U+7278
07279	特		U+7279
0727A	牺		U+727A
0727D	牽		U+727D
07280	犀		U+7280
0728A	犊		U+728A
07296	犖		U+7296
0729B	犛		U+729B
072A0	犠		U+72A0
072A2	犢		U+72A2
072A7	犧		U+72A7
072A8	犨		U+72A8
072AC	犬		U+72AC
072B0	犰		U+72B0
072B5	犵		U+72B5
072B6	状		U+72B6
072B7	犷		U+72B7
072C0	狀		U+72C0
072C1	狁		U+72C1
072C2	狂		U+72C2
072C4	狄		U+72C4
072C8	狈		U+72C8
072CC	狌		U+72CC
072D7	狗		U+72D7
072DB	狛		U+72DB
072E1	狡		U+72E1
072E2	狢		U+72E2
072E9	狩		U+72E9
072F0	狰		U+72F0
072F1	狱		U+72F1
072F3	狳		U+72F3
072F8	狸		U+72F8
072FA	狺		U+72FA
072FB	狻		U+72FB
072FC	狼		U+72FC
072FD	狽		U+72FD
07303	猃		U+7303
07307	猇		U+7307
0730E	猎		U+730E
07319	猙		U+7319
0731F	猟		U+731F
07322	猢		U+7322
07329	猩		U+7329
0732A	猪		U+732A
0732C	猬		U+732C
0733F	猿		U+733F
0734E	獎		U+734E
07352	獒		U+7352
07363	獣		U+7363
07369	獩		U+7369
0736B	獫		U+736B
0736D	獭		U+736D
07375	獵		U+7375
07377	獷		U+7377
07378	獸		U+7378
0737A	獺		U+737A
0737B	獻		U+737B
07384	玄		U+7384
07385	玅		U+7385
07389	玉		U+7389
0738B	王		U+738B
07395	玕		U+7395
07396	玖		U+7396
0739A	玚		U+739A
0739F	玟		U+739F
073A0	玠		U+73A0
073B0	现		U+73B0
073B9	玹		U+73B9
073C0	珀		U+73C0
073D9	珙		U+73D9
073DE	珞		U+73DE
073E0	珠		U+73E0
073E5	珥		U+73E5
073E9	珩		U+73E9
073ED	班		U+73ED
073EE	珮		U+73EE
073FE	現		U+73FE
07403	球		U+7403
07405	琅		U+7405
07406	理		U+7406
0740F	琏		U+740F
07410	琐		U+7410
0741A	琚		U+741A
07424	琤		U+7424
07428	琨		U+7428
07431	琱		U+7431
07433	琳		U+7433
07434	琴		U+7434
07440	瑀		U+7440
07452	瑒		U+7452
0745A	瑚		U+745A
07463	瑣		U+7463
0746F	瑯		U+746F
07473	瑳		U+7473
07489	璉		U+7489
07490	璐		U+7490
07497	璗		U+7497
0749C	璜		U+749C
0749F	璟		U+749F
074B2	璲		U+74B2
074DE	瓞		U+74DE
074EE	瓮		U+74EE
07503	甃		U+7503
07515	甕		U+7515
0751C	甜		U+751C
0751F	生		U+751F
07521	甡		U+7521
07522	產		U+7522
07525	甥		U+7525
07526	甦		U+7526
07528	用		U+7528
0752C	甬		U+752C
07530	田		U+7530
07531	由		U+7531
07533	申		U+7533
07535	电		U+7535
07537	男		U+7537
07538	甸		U+7538
07539	甹		U+7539
0753A	町		U+753A
0753F	甿		U+753F
07540	畀		U+7540
07545	畅		U+7545
0754B	畋		U+754B
0754C	界		U+754C
0754E	畎		U+754E
07551	畑		U+7551
07554	畔		U+7554
07560	畠		U+7560
07562	畢		U+7562
07563	畣		U+7563
07564	畤		U+7564
07565	略		U+7565
07567	畧		U+7567
0756B	畫		U+756B
0756C	畬		U+756C
0756D	畭		U+756D
0756F	畯		U+756F
07572	畲		U+7572
07573	畳		U+7573
0757A	畺		U+757A
07586	疆		U+7586
07589	疉		U+7589
0758A	疊		U+758A
0758F	疏		U+758F
07590	疐		U+7590
07592	疒		U+7592
07594	疔		U+7594
07598	疘		U+7598
07599	疙		U+7599
0759A	疚		U+759A
0759D	疝		U+759D
075A0	疠		U+75A0
075A1	疡		U+75A1
075A2	疢		U+75A2
075A3	疣		U+75A3
075A5	疥		U+75A5
075AC	疬		U+75AC
075B1	疱		U+75B1
075B8	疸		U+75B8
075BC	疼		U+75BC
075C0	痀		U+75C0
075C3	痃		U+75C3
075C7	症		U+75C7
075C8	痈		U+75C8
075CA	痊		U+75CA
075CC	痌		U+75CC
075CF	痏		U+75CF
075D4	痔		U+75D4
075DB	痛		U+75DB
075DF	痟		U+75DF
075E0	痠		U+75E0
075E2	痢		U+75E2
075E3	痣		U+75E3
075E8	痨		U+75E8
075EB	痫		U+75EB
075F3	痳		U+75F3
075F9	痹		U+75F9
075FA	痺		U+75FA
075FC	痼		U+75FC
0760C	瘌		U+760C
0760D	瘍		U+760D
0760F	瘏		U+760F
07616	瘖		U+7616
07625	瘥		U+7625
07646	癆		U+7646
07647	癇		U+7647
0764C	癌		U+764C
0764E	癎		U+764E
07655	癕		U+7655
07658	癘		U+7658
0765E	癞		U+765E
07667	癧		U+7667
07669	癩		U+7669
07670	癰		U+7670
0767D	白		U+767D
0767E	百		U+767E
07681	皁		U+7681
07682	皂		U+7682
07687	皇		U+7687
0768B	皋		U+768B
0768E	皎		U+768E
07690	皐		U+7690
07695	皕		U+7695
0769B	皛		U+769B
0769D	皝		U+769D
0769E	皞		U+769E
076A1	皡		U+76A1
076A5	皥		U+76A5
076AD	皭		U+76AD
076B0	皰		U+76B0
076B4	皴		U+76B4
076B7	皷		U+76B7
076C5	盅		U+76C5
076C8	盈		U+76C8
076D0	盐		U+76D0
076D1	监		U+76D1
076D2	盒		U+76D2
076D4	盔		U+76D4
076D6	盖		U+76D6
076D7	盗		U+76D7
076DB	盛		U+76DB
076DC	盜		U+76DC
076E1	盡		U+76E1
076E3	監		U+76E3
076E6	盦		U+76E6
076E7	盧		U+76E7
076E9	盩		U+76E9
076EA	盪		U+76EA
076EC	盬		U+76EC
076EE	目		U+76EE
076EF	盯		U+76EF
076F2	盲		U+76F2
076F4	直		U+76F4
076F8	相		U+76F8
076FB	盻		U+76FB
07701	省		U+7701
07704	眄		U+7704
07707	眇		U+7707
0771A	眚		U+771A
0771E	眞		U+771E
07729	眩		U+7729
0772F	眯		U+772F
07733	眳		U+7733
07736	眶		U+7736
0773E	眾		U+773E
07740	着		U+7740
07741	睁		U+7741
07745	睅		U+7745
0774D	睍		U+774D
07750	睐		U+7750
07751	睑		U+7751
0775B	睛		U+775B
0775C	睜		U+775C
0775E	睞		U+775E
07766	睦		U+7766
07779	睹		U+7779
0777E	睾		U+777E
077AC	瞬		U+77AC
077AF	瞯		U+77AF
077B7	瞷		U+77B7
077BC	瞼		U+77BC
077BD	瞽		U+77BD
077D1	矑		U+77D1
077E6	矦		U+77E6
077E9	矩		U+77E9
077F3	石		U+77F3
077F4	矴		U+77F4
077FB	矻		U+77FB
077FC	矼		U+77FC
077FF	矿		U+77FF
07800	砀		U+7800
0780C	砌		U+780C
07814	研		U+7814
07817	砗		U+7817
0781A	砚		U+781A
07821	砡		U+7821
0782E	砮		U+782E
07832	砲		U+7832
07837	砷		U+7837
0783A	砺		U+783A
0783F	砿		U+783F
07843	硃		U+7843
0784E	硎		U+784E
0784F	硏		U+784F
07850	硐		U+7850
07855	硕		U+7855
0785D	硝		U+785D
07868	硨		U+7868
0786A	硪		U+786A
0786F	硯		U+786F
07877	硷		U+7877
07887	碇		U+7887
0788D	碍		U+788D
07898	碘		U+7898
0789E	碞		U+789E
078A7	碧		U+78A7
078A9	碩		U+78A9
078AD	碭		U+78AD
078B1	碱		U+78B1
078C1	磁		U+78C1
078C5	磅		U+78C5
078CB	磋		U+78CB
078D4	磔		U+78D4
078E0	磠		U+78E0
078EC	磬		U+78EC
078F2	磲		U+78F2
07910	礐		U+7910
07912	礒		U+7912
07920	礠		U+7920
07926	礦		U+7926
0792A	礪		U+792A
0792E	礮		U+792E
0793C	礼		U+793C
0793E	社		U+793E
07946	祆		U+7946
07949	祉		U+7949
0794A	祊		U+794A
0794F	祏		U+794F
07950	祐		U+7950
0795C	祜		U+795C
0795E	神		U+795E
0796B	祫		U+796B
0796F	祯		U+796F
07980	禀		U+7980
07981	禁		U+7981
0798E	禎		U+798E
0799A	禚		U+799A
079A6	禦		U+79A6
079AE	禮		U+79AE
079B4	禴		U+79B4
079B9	禹		U+79B9
079BC	禼		U+79BC
079BD	禽		U+79BD
079C6	秆		U+79C6
079C8	秈		U+79C8
079CA	秊		U+79CA
079CB	秋		U+79CB
079CC	秌		U+79CC
079CD	种		U+79CD
079D2	秒		U+79D2
079E4	秤		U+79E4
079E9	秩		U+79E9
079EB	秫		U+79EB
079EC	秬		U+79EC
079F0	称		U+79F0
079F8	秸		U+79F8
079FD	秽		U+79FD
07A02	稂		U+7A02
07A03	稃		U+7A03
07A08	稈		U+7A08
07A0B	程		U+7A0B
07A0C	稌		U+7A0C
07A0D	稍		U+7A0D
07A11	稑		U+7A11
07A14	稔		U+7A14
07A19	稙		U+7A19
07A1F	稟		U+7A1F
07A20	稠		U+7A20
07A23	稣		U+7A23
07A31	稱		U+7A31
07A45	穅		U+7A45
07A46	穆		U+7A46
07A4C	穌		U+7A4C
07A4E	穎		U+7A4E
07A51	穑		U+7A51
07A57	穗		U+7A57
07A5F	穟		U+7A5F
07A61	穡		U+7A61
07A62	穢		U+7A62
07A68	穨		U+7A68
07A71	穱		U+7A71
07A76	究		U+7A76
07A77	穷		U+7A77
07A78	穸		U+7A78
07A79	穹		U+7A79
07A7A	空		U+7A7A
07A7D	穽		U+7A7D
07A7F	穿		U+7A7F
07A83	窃		U+7A83
07A91	窑		U+7A91
07A92	窒		U+7A92
07A94	窔		U+7A94
07A97	窗		U+7A97
07A98	窘		U+7A98
07A9F	窟		U+7A9F
07AA5	窥		U+7AA5
07AA6	窦		U+7AA6
07AA8	窨		U+7AA8
07AAE	窮		U+7AAE
07AAF	窯		U+7AAF
07ABA	窺		U+7ABA
07ABB	窻		U+7ABB
07ABD	窽		U+7ABD
07ABE	窾		U+7ABE
07AC7	竇		U+7AC7
07ACA	竊		U+7ACA
07ACB	立		U+7ACB
07AD8	竘		U+7AD8
07ADD	竝		U+7ADD
07ADE	竞		U+7ADE
07AE3	竣		U+7AE3
07AEB	竫		U+7AEB
07AF9	竹		U+7AF9
07AFA	竺		U+7AFA
07AFF	竿		U+7AFF
07B03	笃		U+7B03
07B04	笄		U+7B04
07B08	笈		U+7B08
07B0B	笋		U+7B0B
07B0F	笏		U+7B0F
07B11	笑		U+7B11
07B14	笔		U+7B14
07B15	笕		U+7B15
07B19	笙		U+7B19
07B1B	笛		U+7B1B
07B20	笠		U+7B20
07B28	笨		U+7B28
07B2A	笪		U+7B2A
07B2F	笯		U+7B2F
07B31	笱		U+7B31
07B39	笹		U+7B39
07B3E	笾		U+7B3E
07B45	筅		U+7B45
07B46	筆		U+7B46
07B47	筇		U+7B47
07B49	等		U+7B49
07B4C	筌		U+7B4C
07B50	筐		U+7B50
07B51	筑		U+7B51
07B52	筒		U+7B52
07B53	筓		U+7B53
07B54	答		U+7B54
07B5A	筚		U+7B5A
07B5D	筝		U+7B5D
07B64	筤		U+7B64
07B65	筥		U+7B65
07B67	筧		U+7B67
07B69	筩		U+7B69
07B6E	筮		U+7B6E
07B72	筲		U+7B72
07B7C	筼		U+7B7C
07B7E	签		U+7B7E
07B80	简		U+7B80
07B85	箅		U+7B85
07B87	箇		U+7B87
07B8F	箏		U+7B8F
07B92	箒		U+7B92
07B94	箔		U+7B94
07B96	箖		U+7B96
07B9A	箚		U+7B9A
07B9C	箜		U+7B9C
07BB1	箱		U+7BB1
07BB2	箲		U+7BB2
07BB8	箸		U+7BB8
07BC1	篁		U+7BC1
07BC9	築		U+7BC9
07BD1	篑		U+7BD1
07BD4	篔		U+7BD4
07BE4	篤		U+7BE4
07BE5	篥		U+7BE5
07BE8	篨		U+7BE8
07BEE	篮		U+7BEE
07BF3	篳		U+7BF3
07C09	簉		U+7C09
07C0F	簏		U+7C0F
07C21	簡		U+7C21
07C23	簣		U+7C23
07C27	簧		U+7C27
07C33	簳		U+7C33
07C3D	簽		U+7C3D
07C41	籁		U+7C41
07C43	籃		U+7C43
07C4A	籊		U+7C4A
07C50	籐		U+7C50
07C5E	籞		U+7C5E
07C5F	籟		U+7C5F
07C65	籥		U+7C65
07C69	籩		U+7C69
07C72	籲		U+7C72
07C73	米		U+7C73
07C74	籴		U+7C74
07C7C	籼		U+7C7C
07C81	粁		U+7C81
07C82	粂		U+7C82
07C8D	粍		U+7C8D
07C92	粒		U+7C92
07C94	粔		U+7C94
07C95	粕		U+7C95
07C9B	粛		U+7C9B
07C9C	粜		U+7C9C
07C9D	粝		U+7C9D
07CA7	粧		U+7CA7
07CAA	粪		U+7CAA
07CAE	粮		U+7CAE
07CB1	粱		U+7CB1
07CBE	精		U+7CBE
07CC0	糀		U+7CC0
07CCA	糊		U+7CCA
07CCE	糎		U+7CCE
07CD5	糕		U+7CD5
07CD6	糖		U+7CD6
07CD9	糙		U+7CD9
07CDA	糚		U+7CDA
07CDE	糞		U+7CDE
07CE0	糠		U+7CE0
07CE7	糧		U+7CE7
07CF2	糲		U+7CF2
07CF4	糴		U+7CF4
07CF6	糶		U+7CF6
07CF8	糸		U+7CF8
07CFA	糺		U+7CFA
07CFB	系		U+7CFB
07CFE	糾		U+7CFE
07D00	紀		U+7D00
07D02	紂		U+7D02
07D03	紃		U+7D03
07D05	紅		U+7D05
07D07	紇		U+7D07
07D0A	紊		U+7D0A
07D0B	紋		U+7D0B
07D0D	納		U+7D0D
07D13	紓		U+7D13
07D15	紕		U+7D15
07D1A	級		U+7D1A
07D1C	紜		U+7D1C
07D21	紡		U+7D21
07D27	紧		U+7D27
07D29	紩		U+7D29
07D2C	紬		U+7D2C
07D2E	紮		U+7D2E
07D32	紲		U+7D32
07D33	紳		U+7D33
07D40	絀		U+7D40
07D42	終		U+7D42
07D43	絃		U+7D43
07D46	絆		U+7D46
07D47	絇		U+7D47
07D48	絈		U+7D48
07D4E	絎		U+7D4E
07D4F	絏		U+7D4F
07D50	結		U+7D50
07D54	絔		U+7D54
07D55	絕		U+7D55
07D5E	絞		U+7D5E
07D61	絡		U+7D61
07D66	給		U+7D66
07D67	絧		U+7D67
07D6E	絮		U+7D6E
07D70	絰		U+7D70
07D71	統		U+7D71
07D72	絲		U+7D72
07D76	絶		U+7D76
07D7F	絿		U+7D7F
07D83	綃		U+7D83
07D9A	続		U+7D9A
07D9D	綝		U+7D9D
07DA2	綢		U+7DA2
07DAA	綪		U+7DAA
07DAC	綬		U+7DAC
07DAF	綯		U+7DAF
07DB1	綱		U+7DB1
07DB2	網		U+7DB2
07DB9	綹		U+7DB9
07DBB	綻		U+7DBB
07DC4	緄		U+7DC4
07DCA	緊		U+7DCA
07DD2	緒		U+7DD2
07DD6	緖		U+7DD6
07DD7	緗		U+7DD7
07DE4	緤		U+7DE4
07DE5	緥		U+7DE5
07DEC	緬		U+7DEC
07DFB	緻		U+7DFB
07DFE	緾		U+7DFE
07E22	縢		U+7E22
07E23	縣		U+7E23
07E2E	縮		U+7E2E
07E34	縴		U+7E34
07E3A	縺		U+7E3A
07E48	繈		U+7E48
07E56	繖		U+7E56
07E62	繢		U+7E62
07E66	繦		U+7E66
07E6D	繭		U+7E6D
07E6E	繮		U+7E6E
07E7C	繼		U+7E7C
07E86	纆		U+7E86
07E88	纈		U+7E88
07E8A	纊		U+7E8A
07E8C	續		U+7E8C
07E8F	纏		U+7E8F
07E91	纑		U+7E91
07E9C	纜		U+7E9C
07EA0	纠		U+7EA0
07EA2	红		U+7EA2
07EA3	纣		U+7EA3
07EA4	纤		U+7EA4
07EA5	纥		U+7EA5
07EA7	级		U+7EA7
07EA9	纩		U+7EA9
07EAA	纪		U+7EAA
07EAD	纭		U+7EAD
07EB0	纰		U+7EB0
07EB2	纲		U+7EB2
07EB3	纳		U+7EB3
07EB9	纹		U+7EB9
07EBA	纺		U+7EBA
07EBE	纾		U+7EBE
07EC1	绁		U+7EC1
07EC5	绅		U+7EC5
07EC6	细		U+7EC6
07EC8	终		U+7EC8
07ECA	绊		U+7ECA
07ECC	绌		U+7ECC
07ED3	结		U+7ED3
07ED6	绖		U+7ED6
07ED7	绗		U+7ED7
07ED9	给		U+7ED9
07EDC	络		U+7EDC
07EDD	绝		U+7EDD
07EDE	绞		U+7EDE
07EDF	统		U+7EDF
07EE1	绡		U+7EE1
07EE7	继		U+7EE7
07EEA	绪		U+7EEA
07EED	续		U+7EED
07EF2	绲		U+7EF2
07EF6	绶		U+7EF6
07EF8	绸		U+7EF8
07EF9	绹		U+7EF9
07EFA	绺		U+7EFA
07EFD	绽		U+7EFD
07F03	缃		U+7F03
07F05	缅		U+7F05
07F06	缆		U+7F06
07F20	缠		U+7F20
07F29	缩		U+7F29
07F2C	缬		U+7F2C
07F30	缰		U+7F30
07F36	缶		U+7F36
07F38	缸		U+7F38
07F3D	缽		U+7F3D
07F3F	缿		U+7F3F
07F44	罄		U+7F44
07F47	罇		U+7F47
07F4B	罋		U+7F4B
07F4E	罎		U+7F4E
07F51	网		U+7F51
07F54	罔		U+7F54
07F55	罕		U+7F55
07F5F	罟		U+7F5F
07F6E	置		U+7F6E
07F71	罱		U+7F71
07F72	署		U+7F72
07F7B	罻		U+7F7B
07F7D	罽		U+7F7D
07F8B	羋		U+7F8B
07F91	羑		U+7F91
07F94	羔		U+7F94
07F96	羖		U+7F96
07F9E	羞		U+7F9E
07FA3	羣		U+7FA3
07FA4	群		U+7FA4
07FA9	義		U+7FA9
07FB2	羲		U+7FB2
07FB6	羶		U+7FB6
07FB9	羹		U+7FB9
07FBF	羿		U+7FBF
07FCA	翊		U+7FCA
07FCC	翌		U+7FCC
07FD5	翕		U+7FD5
07FD9	翙		U+7FD9
07FDF	翟		U+7FDF
07FE5	翥		U+7FE5
07FF1	翱		U+7FF1
07FF6	翶		U+7FF6
07FFA	翺		U+7FFA
07FFD	翽		U+7FFD
08000	耀		U+8000
08005	者		U+8005
08007	耇		U+8007
08008	耈		U+8008
0800A	耊		U+800A
0800B	耋		U+800B
08014	耔		U+8014
08015	耕		U+8015
08018	耘		U+8018
08030	耰		U+8030
08033	耳		U+8033
0803B	耻		U+803B
0803F	耿		U+803F
08054	联		U+8054
08058	聘		U+8058
0805E	聞		U+805E
08069	聩		U+8069
0806E	聮		U+806E
0806F	聯		U+806F
08071	聱		U+8071
08072	聲		U+8072
08075	聵		U+8075
0807F	聿		U+807F
08083	肃		U+8083
08084	肄		U+8084
08086	肆		U+8086
08089	肉		U+8089
0808B	肋		U+808B
08093	肓		U+8093
08096	肖		U+8096
08098	肘		U+8098
0809A	肚		U+809A
0809B	肛		U+809B
0809C	肜		U+809C
0809D	肝		U+809D
080A0	肠		U+80A0
080A1	股		U+80A1
080A5	肥		U+80A5
080A9	肩		U+80A9
080AA	肪		U+80AA
080AC	肬		U+80AC
080AD	肭		U+80AD
080BE	肾		U+80BE
080C0	胀		U+80C0
080C3	胃		U+80C3
080C4	胄		U+80C4
080C6	胆		U+80C6
080CA	胊		U+80CA
080D6	胖		U+80D6
080DC	胜		U+80DC
080DE	胞		U+80DE
080E1	胡		U+80E1
080E4	胤		U+80E4
080F1	胱		U+80F1
080F3	胳		U+80F3
080F4	胴		U+80F4
080F6	胶		U+80F6
080F7	胷		U+80F7
080F8	胸		U+80F8
08103	脃		U+8103
08106	脆		U+8106
0810F	脏		U+810F
0811D	脝		U+811D
08127	脧		U+8127
0812C	脬		U+812C
08138	脸		U+8138
08139	脹		U+8139
08146	腆		U+8146
0814A	腊		U+814A
0814B	腋		U+814B
0814E	腎		U+814E
08154	腔		U+8154
08165	腥		U+8165
08169	腩		U+8169
08174	腴		U+8174
08178	腸		U+8178
0817B	腻		U+817B
0817E	腾		U+817E
0817F	腿		U+817F
08180	膀		U+8180
08182	膂		U+8182
0818B	膋		U+818B
081A9	膩		U+81A9
081BB	膻		U+81BB
081C6	臆		U+81C6
081C8	臈		U+81C8
081C9	臉		U+81C9
081D3	臓		U+81D3
081D8	臘		U+81D8
081DF	臟		U+81DF
081E1	臡		U+81E1
081E3	臣		U+81E3
081E4	臤		U+81E4
081E7	臧		U+81E7
081E8	臨		U+81E8
081EF	臯		U+81EF
081F1	臱		U+81F1
081F3	至		U+81F3
081F4	致		U+81F4
081FA	臺		U+81FA
081FC	臼		U+81FC
081FE	臾		U+81FE
08205	舅		U+8205
0820A	舊		U+820A
0820D	舍		U+820D
0820E	舎		U+820E
08212	舒		U+8212
0821B	舛		U+821B
0821C	舜		U+821C
0821F	舟		U+821F
08221	舡		U+8221
08223	舣		U+8223
0822B	舫		U+822B
08230	舰		U+8230
08233	舳		U+8233
08236	舶		U+8236
08237	舷		U+8237
0823B	舻		U+823B
08245	艅		U+8245
0824E	艎		U+824E
08264	艤		U+8264
08266	艦		U+8266
0826A	艪		U+826A
0826B	艫		U+826B
0826F	良		U+826F
08272	色		U+8272
08278	艸		U+8278
0827A	艺		U+827A
0827D	艽		U+827D
08288	芈		U+8288
0828A	芊		U+828A
0828E	芎		U+828E
08291	芑		U+8291
08292	芒		U+8292
08294	芔		U+8294
0829D	芝		U+829D
0829F	芟		U+829F
082A1	芡		U+82A1
082A5	芥		U+82A5
082A7	芧		U+82A7
082A8	芨		U+82A8
082A9	芩		U+82A9
082AE	芮		U+82AE
082B1	花		U+82B1
082B3	芳		U+82B3
082B4	芴		U+82B4
082B7	芷		U+82B7
082B8	芸		U+82B8
082C8	苈		U+82C8
082CB	苋		U+82CB
082CC	苌		U+82CC
082CF	苏		U+82CF
082D9	苙		U+82D9
082DC	苜		U+82DC
082DE	苞		U+82DE
082DF	苟		U+82DF
082E3	苣		U+82E3
082E6	苦		U+82E6
082EF	苯		U+82EF
08301	茁		U+8301
08317	茗		U+8317
08322	茢		U+8322
08327	茧		U+8327
0832B	茫		U+832B
0832D	茭		U+832D
0832F	茯		U+832F
08331	茱		U+8331
08332	茲		U+8332
08333	茳		U+8333
08334	茴		U+8334
08336	茶		U+8336
08338	茸		U+8338
08339	茹		U+8339
0833A	茺		U+833A
08343	荃		U+8343
08345	荅		U+8345
08346	荆		U+8346
08347	荇		U+8347
08348	荈		U+8348
08349	草		U+8349
0834A	荊		U+834A
0834D	荍		U+834D
08350	荐		U+8350
08352	荒		U+8352
08358	荘		U+8358
0835C	荜		U+835C
0835E	荞		U+835E
08361	荡		U+8361
08366	荦		U+8366
0836B	荫		U+836B
0837B	荻		U+837B
0837C	荼		U+837C
0837E	荾		U+837E
08385	莅		U+8385
0838A	莊		U+838A
0838D	莍		U+838D
08392	莒		U+8392
08395	莕		U+8395
08399	莙		U+8399
083A7	莧		U+83A7
083A8	莨		U+83A8
083AA	莪		U+83AA
083B1	莱		U+83B1
083B2	莲		U+83B2
083B3	莳		U+83B3
083B6	莶		U+83B6
083C1	菁		U+83C1
083DF	菟		U+83DF
083EF	華		U+83EF
083FE	菾		U+83FE
08404	萄		U+8404
08407	萇		U+8407
0840A	萊		U+840A
08429	萩		U+8429
0842C	萬		U+842C
08438	萸		U+8438
0843D	落		U+843D
08446	葆		U+8446
08449	葉		U+8449
0844E	葎		U+844E
08457	著		U+8457
08459	葙		U+8459
0846B	葫		U+846B
0846C	葬		U+846C
08470	葰		U+8470
08473	葳		U+8473
08476	葶		U+8476
08489	蒉		U+8489
0848B	蒋		U+848B
08494	蒔		U+8494
08497	蒗		U+8497
0849E	蒞		U+849E
0849F	蒟		U+849F
084A1	蒡		U+84A1
084A8	蒨		U+84A8
084AF	蒯		U+84AF
084C6	蓆		U+84C6
084CF	蓏		U+84CF
084DD	蓝		U+84DD
084E3	蓣		U+84E3
084EE	蓮		U+84EE
084FA	蓺		U+84FA
084FD	蓽		U+84FD
084FF	蓿		U+84FF
08517	蔗		U+8517
0851A	蔚		U+851A
08523	蔣		U+8523
0852D	蔭		U+852D
08532	蔲		U+8532
08535	蔵		U+8535
08537	蔷		U+8537
08539	蔹		U+8539
0853A	蔺		U+853A
0853B	蔻		U+853B
0854E	蕎		U+854E
08551	蕑		U+8551
08553	蕓		U+8553
08556	蕖		U+8556
08557	蕗		U+8557
08562	蕢		U+8562
08563	蕣		U+8563
08568	蕨		U+8568
08569	蕩		U+8569
08573	蕳		U+8573
08577	蕷		U+8577
0857B	蕻		U+857B
08585	薅		U+8585
0858F	薏		U+858F
08591	薑		U+8591
08594	薔		U+8594
08597	薗		U+8597
0859F	薟		U+859F
085AF	薯		U+85AF
085B3	薳		U+85B3
085B6	薶		U+85B6
085B9	薹		U+85B9
085CD	藍		U+85CD
085CF	藏		U+85CF
085DA	藚		U+85DA
085DD	藝		U+85DD
085E4	藤		U+85E4
085ED	藭		U+85ED
085F6	藶		U+85F6
085F7	藷		U+85F7
085FA	藺		U+85FA
08605	蘅		U+8605
08607	蘇		U+8607
0860C	蘌		U+860C
0861E	蘞		U+861E
08624	蘤		U+8624
08653	虓		U+8653
08654	虔		U+8654
08655	處		U+8655
08657	虗		U+8657
0865B	虛		U+865B
0865E	虞		U+865E
0865F	號		U+865F
0866B	虫		U+866B
0866C	虬		U+866C
0866F	虯		U+866F
08679	虹		U+8679
0867B	虻		U+867B
0867F	虿		U+867F
08681	蚁		U+8681
0868A	蚊		U+868A
0868B	蚋		U+868B
08695	蚕		U+8695
08698	蚘		U+8698
0869B	蚛		U+869B
086A9	蚩		U+86A9
086AA	蚪		U+86AA
086AC	蚬		U+86AC
086AF	蚯		U+86AF
086B0	蚰		U+86B0
086BF	蚿		U+86BF
086C4	蛄		U+86C4
086CA	蛊		U+86CA
086CE	蛎		U+86CE
086D4	蛔		U+86D4
086D5	蛕		U+86D5
086DB	蛛		U+86DB
086DF	蛟		U+86DF
086E3	蛣		U+86E3
086E4	蛤		U+86E4
086E9	蛩		U+86E9
086ED	蛭		U+86ED
086F8	蛸		U+86F8
086F9	蛹		U+86F9
086FE	蛾		U+86FE
08706	蜆		U+8706
08708	蜈		U+8708
08709	蜉		U+8709
0870B	蜋		U+870B
0870D	蜍		U+870D
08716	蜖		U+8716
08721	蜡		U+8721
08729	蜩		U+8729
0872B	蜫		U+872B
08730	蜰		U+8730
08739	蜹		U+8739
0873B	蜻		U+873B
0874B	蝋		U+874B
08757	蝗		U+8757
0875F	蝟		U+875F
08771	蝱		U+8771
08772	蝲		U+8772
08774	蝴		U+8774
08776	蝶		U+8776
08782	螂		U+8782
08783	螃		U+8783
08788	螈		U+8788
0878D	融		U+878D
0878E	螎		U+878E
08797	螗		U+8797
087A1	螡		U+87A1
087A3	螣		U+87A3
087AB	螫		U+87AB
087AF	螯		U+87AF
087B2	螲		U+87B2
087BD	螽		U+87BD
087BF	螿		U+87BF
087C2	蟂		U+87C2
087E5	蟥		U+87E5
087F2	蟲		U+87F2
087FA	蟺		U+87FA
087FB	蟻		U+87FB
08806	蠆		U+8806
08812	蠒		U+8812
0881F	蠟		U+881F
08823	蠣		U+8823
08831	蠱		U+8831
08839	蠹		U+8839
08841	衁		U+8841
08846	衆		U+8846
0884C	行		U+884C
0884E	衎		U+884E
08852	衒		U+8852
08853	術		U+8853
08854	衔		U+8854
08855	衕		U+8855
08856	衖		U+8856
08859	衙		U+8859
0885A	衚		U+885A
0885B	衛		U+885B
0885C	衜		U+885C
0885E	衞		U+885E
0885F	衟		U+885F
08861	衡		U+8861
08863	衣		U+8863
0886B	衫		U+886B
08871	衱		U+8871
08872	衲		U+8872
08875	衵		U+8875
08877	衷		U+8877
0887E	衾		U+887E
0887F	衿		U+887F
08881	袁		U+8881
0888C	袌		U+888C
0888D	袍		U+888D
08892	袒		U+8892
08896	袖		U+8896
088A0	袠		U+88A0
088A2	袢		U+88A2
088AD	袭		U+88AD
088B7	袷		U+88B7
088BA	袺		U+88BA
088BD	袽		U+88BD
088C2	裂		U+88C2
088C5	装		U+88C5
088CE	裎		U+88CE
088CF	裏		U+88CF
088D2	裒		U+88D2
088D4	裔		U+88D4
088D8	裘		U+88D8
088D9	裙		U+88D9
088DB	裛		U+88DB
088DD	裝		U+88DD
088E0	裠		U+88E0
088E1	裡		U+88E1
088E4	裤		U+88E4
088E5	裥		U+88E5
088EF	裯		U+88EF
088FE	裾		U+88FE
08912	褒		U+8912
08913	褓		U+8913
0891A	褚		U+891A
08921	褡		U+8921
08927	褧		U+8927
08930	褰		U+8930
08932	褲		U+8932
08934	褴		U+8934
0893B	褻		U+893B
08941	襁		U+8941
08943	襃		U+8943
08947	襇		U+8947
08949	襉		U+8949
0895A	襚		U+895A
0895F	襟		U+895F
08962	襢		U+8962
08964	襤		U+8964
0896B	襫		U+896B
0896D	襭		U+896D
0898B	見		U+898B
0898F	規		U+898F
0899A	覚		U+899A
089A7	覧		U+89A7
089A9	覩		U+89A9
089BA	覺		U+89BA
089BD	覽		U+89BD
089BF	覿		U+89BF
089C1	见		U+89C1
089C4	规		U+89C4
089C6	视		U+89C6
089C8	览		U+89C8
089C9	觉		U+89C9
089CC	觌		U+89CC
089D3	觓		U+89D3
089DE	觞		U+89DE
089E5	觥		U+89E5
089E7	觧		U+89E7
089E9	觩		U+89E9
089F4	觴		U+89F4
089F5	觵		U+89F5
08A00	言		U+8A00
08A02	訂		U+8A02
08A04	訄		U+8A04
08A08	計		U+8A08
08A0C	訌		U+8A0C
08A0E	討		U+8A0E
08A10	訐		U+8A10
08A13	訓		U+8A13
08A15	訕		U+8A15
08A16	訖		U+8A16
08A18	記		U+8A18
08A1A	訚		U+8A1A
08A1B	訛		U+8A1B
08A25	訥		U+8A25
08A27	訧		U+8A27
08A29	訩		U+8A29
08A2A	訪		U+8A2A
08A2D	設		U+8A2D
08A31	許		U+8A31
08A35	訵		U+8A35
08A39	訹		U+8A39
08A3C	証		U+8A3C
08A3D	訽		U+8A3D
08A41	詁		U+8A41
08A4E	詎		U+8A4E
08A58	詘		U+8A58
08A60	詠		U+8A60
08A69	詩		U+8A69
08A6C	詬		U+8A6C
08A6E	詮		U+8A6E
08A70	詰		U+8A70
08A75	詵		U+8A75
08A7C	詼		U+8A7C
08A85	誅		U+8A85
08A86	誆		U+8A86
08A8A	誊		U+8A8A
08A8C	誌		U+8A8C
08A91	誑		U+8A91
08A9A	誚		U+8A9A
08A9E	語		U+8A9E
08AA0	誠		U+8AA0
08AA1	誡		U+8AA1
08AA3	誣		U+8AA3
08AA4	誤		U+8AA4
08AA6	誦		U+8AA6
08AAD	読		U+8AAD
08ABC	誼		U+8ABC
08ABE	誾		U+8ABE
08ABF	調		U+8ABF
08ACB	請		U+8ACB
08ACD	諍		U+8ACD
08AD2	諒		U+8AD2
08AD7	諗		U+8AD7
08ADB	諛		U+8ADB
08ADC	諜		U+8ADC
08AF3	諳		U+8AF3
08AF8	諸		U+8AF8
08B02	謂		U+8B02
08B04	謄		U+8B04
08B07	謇		U+8B07
08B0E	謎		U+8B0E
08B17	謗		U+8B17
08B1D	謝		U+8B1D
08B26	謦		U+8B26
08B37	謷		U+8B37
08B38	謸		U+8B38
08B41	譁		U+8B41
08B4C	譌		U+8B4C
08B5C	譜		U+8B5C
08B66	警		U+8B66
08B70	議		U+8B70
08B75	譵		U+8B75
08B80	讀		U+8B80
08B86	讆		U+8B86
08B8E	讎		U+8B8E
08B8F	讏		U+8B8F
08B90	讐		U+8B90
08B9F	讟		U+8B9F
08BA1	计		U+8BA1
08BA2	订		U+8BA2
08BA6	讦		U+8BA6
08BA7	讧		U+8BA7
08BA8	讨		U+8BA8
08BAA	讪		U+8BAA
08BAB	讫		U+8BAB
08BAD	训		U+8BAD
08BAE	议		U+8BAE
08BB0	记		U+8BB0
08BB5	讵		U+8BB5
08BB7	讷		U+8BB7
08BB8	许		U+8BB8
08BB9	讹		U+8BB9
08BBB	讻		U+8BBB
08BBE	设		U+8BBE
08BBF	访		U+8BBF
08BC2	诂		U+8BC2
08BC9	诉		U+8BC9
08BCE	诎		U+8BCE
08BD3	诓		U+8BD3
08BD7	诗		U+8BD7
08BD8	诘		U+8BD8
08BD9	诙		U+8BD9
08BDA	诚		U+8BDA
08BDB	诛		U+8BDB
08BDC	诜		U+8BDC
08BDF	诟		U+8BDF
08BE0	诠		U+8BE0
08BE4	诤		U+8BE4
08BEB	诫		U+8BEB
08BEC	诬		U+8BEC
08BED	语		U+8BED
08BEE	诮		U+8BEE
08BEF	误		U+8BEF
08BF3	诳		U+8BF3
08BF5	诵		U+8BF5
08BF7	请		U+8BF7
08BF8	诸		U+8BF8
08BFB	读		U+8BFB
08C00	谀		U+8C00
08C02	谂		U+8C02
08C03	调		U+8C03
08C05	谅		U+8C05
08C0A	谊		U+8C0A
08C0D	谍		U+8C0D
08C13	谓		U+8C13
08C19	谙		U+8C19
08C1C	谜		U+8C1C
08C22	谢		U+8C22
08C24	谤		U+8C24
08C31	谱		U+8C31
08C3C	谼		U+8C3C
08C3D	谽		U+8C3D
08C47	豇		U+8C47
08C4A	豊		U+8C4A
08C55	豕		U+8C55
08C6B	豫		U+8C6B
08C6C	豬		U+8C6C
08C83	貃		U+8C83
08C85	貅		U+8C85
08C89	貉		U+8C89
08C8A	貊		U+8C8A
08C8D	貍		U+8C8D
08C9D	貝		U+8C9D
08C9E	貞		U+8C9E
08C9F	貟		U+8C9F
08CA0	負		U+8CA0
08CA2	貢		U+8CA2
08CA8	貨		U+8CA8
08CAA	貪		U+8CAA
08CAB	貫		U+8CAB
08CAE	貮		U+8CAE
08CB0	貰		U+8CB0
08CB3	貳		U+8CB3
08CB4	貴		U+8CB4
08CBA	貺		U+8CBA
08CC2	賂		U+8CC2
08CC4	賄		U+8CC4
08CD2	賒		U+8CD2
08CD5	賕		U+8CD5
08CD6	賖		U+8CD6
08CD9	賙		U+8CD9
08CDA	賚		U+8CDA
08CE1	賡		U+8CE1
08CE2	賢		U+8CE2
08CED	賭		U+8CED
08CF4	賴		U+8CF4
08CF8	賸		U+8CF8
08D07	贇		U+8D07
08D0A	贊		U+8D0A
08D0F	贏		U+8D0F
08D13	贓		U+8D13
08D14	贔		U+8D14
08D16	贖		U+8D16
08D1C	贜		U+8D1C
08D1D	贝		U+8D1D
08D1E	贞		U+8D1E
08D1F	负		U+8D1F
08D21	贡		U+8D21
08D23	责		U+8D23
08D24	贤		U+8D24
08D25	败		U+8D25
08D27	货		U+8D27
08D2A	贪		U+8D2A
08D2F	贯		U+8D2F
08D30	贰		U+8D30
08D33	贳		U+8D33
08D35	贵		U+8D35
08D36	贶		U+8D36
08D3C	贼		U+8D3C
08D3F	贿		U+8D3F
08D42	赂		U+8D42
08D43	赃		U+8D43
08D47	赇		U+8D47
08D49	赉		U+8D49
08D4A	赊		U+8D4A
08D4C	赌		U+8D4C
08D4E	赎		U+8D4E
08D51	赑		U+8D51
08D52	赒		U+8D52
08D53	赓		U+8D53
08D56	赖		U+8D56
08D5E	赞		U+8D5E
08D5F	赟		U+8D5F
08D62	赢		U+8D62
08D64	赤		U+8D64
08D66	赦		U+8D66
08D69	赩		U+8D69
08D6A	赪		U+8D6A
08D6B	赫		U+8D6B
08D6C	赬		U+8D6C
08D6D	赭		U+8D6D
08D6F	赯		U+8D6F
08D73	赳		U+8D73
08D75	赵		U+8D75
08D76	赶		U+8D76
08D77	起		U+8D77
08D8A	越		U+8D8A
08D95	趕		U+8D95
08D97	趗		U+8D97
08D99	趙		U+8D99
08DAF	趯		U+8DAF
08DB3	足		U+8DB3
08DBC	趼		U+8DBC
08DBE	趾		U+8DBE
08DC3	跃		U+8DC3
08DC7	跇		U+8DC7
08DCC	跌		U+8DCC
08DD1	跑		U+8DD1
08DD4	跔		U+8DD4
08DD6	跖		U+8DD6
08DDD	距		U+8DDD
08DE3	跣		U+8DE3
08DE4	跤		U+8DE4
08DE6	跦		U+8DE6
08DE9	跩		U+8DE9
08DEB	跫		U+8DEB
08DEF	路		U+8DEF
08DF1	跱		U+8DF1
08DF8	跸		U+8DF8
08DFC	跼		U+8DFC
08DFD	跽		U+8DFD
08E06	踆		U+8E06
08E09	踉		U+8E09
08E0A	踊		U+8E0A
08E1E	踞		U+8E1E
08E31	踱		U+8E31
08E34	踴		U+8E34
08E3D	踽		U+8E3D
08E40	蹀		U+8E40
08E47	蹇		U+8E47
08E49	蹉		U+8E49
08E55	蹕		U+8E55
08E5C	蹜		U+8E5C
08E60	蹠		U+8E60
08E61	蹡		U+8E61
08E72	蹲		U+8E72
08E76	蹶		U+8E76
08E77	蹷		U+8E77
08E87	躇		U+8E87
08E8D	躍		U+8E8D
08E8F	躏		U+8E8F
08E90	躐		U+8E90
08E94	躔		U+8E94
08E97	躗		U+8E97
08E99	躙		U+8E99
08E9B	躛		U+8E9B
08E9E	躞		U+8E9E
08EAA	躪		U+8EAA
08EAB	身		U+8EAB
08EAC	躬		U+8EAC
08EB0	躰		U+8EB0
08EB3	躳		U+8EB3
08EC6	軆		U+8EC6
08ECA	車		U+8ECA
08ECC	軌		U+8ECC
08ED1	軑		U+8ED1
08ED2	軒		U+8ED2
08EF8	軸		U+8EF8
08EFC	軼		U+8EFC
08F03	較		U+8F03
08F05	輅		U+8F05
08F07	輇		U+8F07
08F08	輈		U+8F08
08F0A	輊		U+8F0A
08F1E	輞		U+8F1E
08F26	輦		U+8F26
08F45	轅		U+8F45
08F46	轆		U+8F46
08F56	轖		U+8F56
08F5E	轞		U+8F5E
08F64	轤		U+8F64
08F66	车		U+8F66
08F68	轨		U+8F68
08F69	轩		U+8F69
08F6A	轪		U+8F6A
08F73	轳		U+8F73
08F74	轴		U+8F74
08F76	轶		U+8F76
08F7E	轾		U+8F7E
08F80	辀		U+8F80
08F81	辁		U+8F81
08F82	辂		U+8F82
08F83	较		U+8F83
08F87	辇		U+8F87
08F8B	辋		U+8F8B
08F95	辕		U+8F95
08F96	辖		U+8F96
08F98	辘		U+8F98
08F9C	辜		U+8F9C
08FA2	辢		U+8FA2
08FA3	辣		U+8FA3
08FA4	辤		U+8FA4
08FAD	辭		U+8FAD
08FB5	辵		U+8FB5
08FB9	边		U+8FB9
08FBA	辺		U+8FBA
08FBB	辻		U+8FBB
08FBC	込		U+8FBC
08FBE	达		U+8FBE
08FC1	迁		U+8FC1
08FC4	迄		U+8FC4
08FC8	迈		U+8FC8
08FD5	迕		U+8FD5
08FD6	迖		U+8FD6
08FD9	这		U+8FD9
08FDC	远		U+8FDC
08FDE	连		U+8FDE
08FEA	迪		U+8FEA
08FEB	迫		U+8FEB
08FED	迭		U+8FED
08FF0	述		U+8FF0
08FF4	迴		U+8FF4
08FF5	迵		U+8FF5
08FF7	迷		U+8FF7
09000	退		U+9000
09005	逅		U+9005
0900D	逍		U+900D
09011	逑		U+9011
09014	途		U+9014
09016	逖		U+9016
09019	這		U+9019
0901A	通		U+901A
0901B	逛		U+901B
0901E	逞		U+901E
09020	造		U+9020
09021	逡		U+9021
09023	連		U+9023
09025	逥		U+9025
09031	週		U+9031
09035	逵		U+9035
09042	遂		U+9042
09049	遉		U+9049
09051	遑		U+9051
09053	道		U+9053
09057	遗		U+9057
09060	遠		U+9060
09068	遨		U+9068
0906E	遮		U+906E
09075	遵		U+9075
0907A	遺		U+907A
09081	邁		U+9081
09083	邃		U+9083
09085	邅		U+9085
0908A	邊		U+908A
0908D	邍		U+908D
09091	邑		U+9091
09095	邕		U+9095
09097	邗		U+9097
09099	邙		U+9099
0909B	邛		U+909B
0909D	邝		U+909D
090A1	邡		U+90A1
090A2	邢		U+90A2
090AE	邮		U+90AE
090B1	邱		U+90B1
090BA	邺		U+90BA
090BE	邾		U+90BE
090BF	邿		U+90BF
090C1	郁		U+90C1
090C3	郃		U+90C3
090C5	郅		U+90C5
090C8	郈		U+90C8
090C9	郉		U+90C9
090CA	郊		U+90CA
090CE	郎		U+90CE
090DA	郚		U+90DA
090DB	郛		U+90DB
090DD	郝		U+90DD
090E1	郡		U+90E1
090E2	郢		U+90E2
090E7	郧		U+90E7
090F2	郲		U+90F2
090F4	郴		U+90F4
090F5	郵		U+90F5
090FD	都		U+90FD
09109	鄉		U+9109
09115	鄕		U+9115
09116	鄖		U+9116
09118	鄘		U+9118
0911C	鄜		U+911C
09134	鄴		U+9134
0913A	鄺		U+913A
0914A	酊		U+914A
0914D	配		U+914D
0914E	酎		U+914E
09153	酓		U+9153
09157	酗		U+9157
09158	酘		U+9158
09164	酤		U+9164
09165	酥		U+9165
09167	酧		U+9167
09169	酩		U+9169
0916A	酪		U+916A
0916C	酬		U+916C
0916E	酮		U+916E
09171	酱		U+9171
09172	酲		U+9172
09174	酴		U+9174
09178	酸		U+9178
09190	醐		U+9190
09192	醒		U+9192
0919D	醝		U+919D
091A2	醢		U+91A2
091A4	醤		U+91A4
091AB	醫		U+91AB
091AC	醬		U+91AC
091B4	醴		U+91B4
091B7	醷		U+91B7
091C2	釂		U+91C2
091C9	釉		U+91C9
091CC	里		U+91CC
091CE	野		U+91CE
091CF	量		U+91CF
091D0	釐		U+91D0
091D1	金		U+91D1
091D8	釘		U+91D8
091DD	針		U+91DD
091E1	釡		U+91E1
091E6	釦		U+91E6
091E7	釧		U+91E7
091EC	釬		U+91EC
091ED	釭		U+91ED
09201	鈁		U+9201
09203	鈃		U+9203
09204	鈄		U+9204
09205	鈅		U+9205
09209	鈉		U+9209
0920E	鈎		U+920E
09210	鈐		U+9210
09214	鈔		U+9214
09237	鈷		U+9237
0923F	鈿		U+923F
09244	鉄		U+9244
09245	鉅		U+9245
09249	鉉		U+9249
0924B	鉋		U+924B
0925E	鉞		U+925E
09262	鉢		U+9262
09264	鉤		U+9264
09265	鉥		U+9265
09266	鉦		U+9266
0926E	鉮		U+926E
09271	鉱		U+9271
09274	鉴		U+9274
09276	鉶		U+9276
09278	鉸		U+9278
0927B	鉻		U+927B
0927F	鉿		U+927F
09283	銃		U+9283
09285	銅		U+9285
0928D	銍		U+928D
0928E	銎		U+928E
09291	銑		U+9291
09292	銒		U+9292
09293	銓		U+9293
09296	銖		U+9296
09297	銗		U+9297
09298	銘		U+9298
0929B	銛		U+929B
0929C	銜		U+929C
092B6	銶		U+92B6
092B7	銷		U+92B7
092C1	鋁		U+92C1
092C3	鋃		U+92C3
092D9	鋙		U+92D9
092E5	鋥		U+92E5
092E9	鋩		U+92E9
092F0	鋰		U+92F0
092F8	鋸		U+92F8
092FC	鋼		U+92FC
09306	錆		U+9306
09315	錕		U+9315
0931A	錚		U+931A
09320	錠		U+9320
09326	錦		U+9326
0932E	錮		U+932E
0934D	鍍		U+934D
09371	鍱		U+9371
0938A	鎊		U+938A
09396	鎖		U+9396
093A1	鎡		U+93A1
093C8	鏈		U+93C8
093CA	鏊		U+93CA
093D6	鏖		U+93D6
093D7	鏗		U+93D7
093D8	鏘		U+93D8
093DE	鏞		U+93DE
093F5	鏵		U+93F5
093F9	鏹		U+93F9
09404	鐄		U+9404
0940F	鐏		U+940F
09451	鑑		U+9451
09452	鑒		U+9452
0945B	鑛		U+945B
0945E	鑞		U+945E
0946A	鑪		U+946A
09470	鑰		U+9470
09488	针		U+9488
09489	钉		U+9489
0948F	钏		U+948F
09498	钘		U+9498
0949C	钜		U+949C
0949E	钞		U+949E
094A0	钠		U+94A0
094A2	钢		U+94A2
094A4	钤		U+94A4
094A5	钥		U+94A5
094A6	钦		U+94A6
094A9	钩		U+94A9
094AB	钫		U+94AB
094AD	钭		U+94AD
094B2	钲		U+94B2
094B4	钴		U+94B4
094B5	钵		U+94B5
094BA	钺		U+94BA
094BF	钿		U+94BF
094C9	铉		U+94C9
094CF	铏		U+94CF
094DA	铚		U+94DA
094DC	铜		U+94DC
094DD	铝		U+94DD
094E2	铢		U+94E2
094E3	铣		U+94E3
094E7	铧		U+94E7
094E8	铨		U+94E8
094EA	铪		U+94EA
094EC	铬		U+94EC
094ED	铭		U+94ED
094EE	铮		U+94EE
094F0	铰		U+94F0
094F3	铳		U+94F3
094FB	铻		U+94FB
094FE	链		U+94FE
094FF	铿		U+94FF
09500	销		U+9500
09501	锁		U+9501
09502	锂		U+9502
09503	锃		U+9503
09512	锒		U+9512
09516	锖		U+9516
0951F	锟		U+951F
09522	锢		U+9522
09526	锦		U+9526
0952D	锭		U+952D
0952F	锯		U+952F
09535	锵		U+9535
09540	镀		U+9540
09543	镃		U+9543
09551	镑		U+9551
0955B	镛		U+955B
0956A	镪		U+956A
09574	镴		U+9574
09577	長		U+9577
0957F	长		U+957F
09580	門		U+9580
09586	閆		U+9586
09588	閈		U+9588
09589	閉		U+9589
0958B	開		U+958B
0958F	閏		U+958F
09591	閑		U+9591
09592	閒		U+9592
09593	間		U+9593
09594	閔		U+9594
095A0	閠		U+95A0
095A2	関		U+95A2
095A3	閣		U+95A3
095A4	閤		U+95A4
095A7	閧		U+95A7
095A9	閩		U+95A9
095AB	閫		U+95AB
095AC	閬		U+95AC
095AD	閭		U+95AD
095B5	閵		U+95B5
095C7	闇		U+95C7
095CD	闍		U+95CD
095D5	闕		U+95D5
095D8	闘		U+95D8
095DA	闚		U+95DA
095DC	關		U+95DC
095E0	闠		U+95E0
095E8	门		U+95E8
095EB	闫		U+95EB
095ED	闭		U+95ED
095EE	问		U+95EE
095F0	闰		U+95F0
095F2	闲		U+95F2
095F4	间		U+95F4
095F5	闵		U+95F5
095F7	闷		U+95F7
095FB	闻		U+95FB
095FD	闽		U+95FD
095FE	闾		U+95FE
09601	阁		U+9601
09603	阃		U+9603
09604	阄		U+9604
09606	阆		U+9606
09607	阇		U+9607
09619	阙		U+9619
0961C	阜		U+961C
0961E	阞		U+961E
0961F	队		U+961F
09621	阡		U+9621
09627	阧		U+9627
09629	阩		U+9629
0962F	阯		U+962F
09631	阱		U+9631
09632	防		U+9632
09633	阳		U+9633
09634	阴		U+9634
09646	陆		U+9646
0964B	陋		U+964B
0964C	陌		U+964C
09657	陗		U+9657
0965E	陞		U+965E
0965F	陟		U+965F
09661	陡		U+9661
09664	除		U+9664
09668	陨		U+9668
09669	险		U+9669
09670	陰		U+9670
09676	陶		U+9676
09677	陷		U+9677
09678	陸		U+9678
0967A	険		U+967A
0967D	陽		U+967D
09682	隂		U+9682
0968A	隊		U+968A
0968D	隍		U+968D
09695	隕		U+9695
09699	隙		U+9699
096A4	隤		U+96A4
096A7	隧		U+96A7
096AA	險		U+96AA
096B2	隲		U+96B2
096B6	隶		U+96B6
096B7	隷		U+96B7
096B8	隸		U+96B8
096BE	难		U+96BE
096C0	雀		U+96C0
096C7	雇		U+96C7
096CA	雊		U+96CA
096CD	雍		U+96CD
096D2	雒		U+96D2
096D4	雔		U+96D4
096D5	雕		U+96D5
096D9	雙		U+96D9
096DD	雝		U+96DD
096DE	雞		U+96DE
096E0	雠		U+96E0
096E3	難		U+96E3
096E8	雨		U+96E8
096EB	雫		U+96EB
096EF	雯		U+96EF
096F1	雱		U+96F1
096F2	雲		U+96F2
096F3	雳		U+96F3
096F9	雹		U+96F9
096FB	電		U+96FB
09702	霂		U+9702
09704	霄		U+9704
09716	霖		U+9716
0971C	霜		U+971C
09723	霣		U+9723
09730	霰		U+9730
09732	露		U+9732
09736	霶		U+9736
0973E	霾		U+973E
09742	靂		U+9742
09751	靑		U+9751
09752	青		U+9752
09753	靓		U+9753
09756	靖		U+9756
09759	静		U+9759
0975A	靚		U+975A
0975C	靜		U+975C
09762	面		U+9762
09766	靦		U+9766
09767	靧		U+9767
09769	革		U+9769
09774	靴		U+9774
09778	靸		U+9778
0977C	靼		U+977C
0977D	靽		U+977D
09784	鞄		U+9784
09788	鞈		U+9788
0978F	鞏		U+978F
09798	鞘		U+9798
0979A	鞚		U+979A
097A6	鞦		U+97A6
097B3	鞳		U+97B3
097BE	鞾		U+97BE
097C1	韁		U+97C1
097D4	韔		U+97D4
097D8	韘		U+97D8
097E0	韠		U+97E0
097F3	音		U+97F3
097F5	韵		U+97F5
097FB	韻		U+97FB
097FD	韽		U+97FD
09801	頁		U+9801
09802	頂		U+9802
09803	頃		U+9803
09805	項		U+9805
09806	順		U+9806
09807	頇		U+9807
09808	須		U+9808
0980A	頊		U+980A
09810	預		U+9810
09816	頖		U+9816
0981C	頜		U+981C
0981F	頟		U+981F
09821	頡		U+9821
0982E	頮		U+982E
09834	頴		U+9834
09835	頵		U+9835
09837	頷		U+9837
09839	頹		U+9839
0983C	頼		U+983C
0983D	頽		U+983D
0984D	額		U+984D
0984F	顏		U+984F
09855	顕		U+9855
09858	願		U+9858
09867	顧		U+9867
0986B	顫		U+986B
0986F	顯		U+986F
09871	顱		U+9871
09875	页		U+9875
09876	顶		U+9876
09877	顷		U+9877
09878	顸		U+9878
09879	项		U+9879
0987A	顺		U+987A
0987B	须		U+987B
0987C	顼		U+987C
0987E	顾		U+987E
09884	预		U+9884
09885	颅		U+9885
09889	颉		U+9889
0988C	颌		U+988C
0988D	颍		U+988D
0988E	颎		U+988E
09893	颓		U+9893
09894	颔		U+9894
09896	颖		U+9896
0989C	颜		U+989C
0989D	额		U+989D
098A4	颤		U+98A4
098AE	颮		U+98AE
098AF	颯		U+98AF
098BA	颺		U+98BA
098CF	飏		U+98CF
098D1	飑		U+98D1
098D2	飒		U+98D2
098E3	飣		U+98E3
098F2	飲		U+98F2
098FD	飽		U+98FD
09909	餉		U+9909
0990C	餌		U+990C
09913	餓		U+9913
09915	餕		U+9915
09918	餘		U+9918
0991B	餛		U+991B
0992C	餬		U+992C
09933	餳		U+9933
09939	餹		U+9939
0993B	餻		U+993B
0993C	餼		U+993C
09946	饆		U+9946
0994A	饊		U+994A
0994B	饋		U+994B
09954	饔		U+9954
09955	饕		U+9955
09958	饘		U+9958
09964	饤		U+9964
09967	饧		U+9967
09969	饩		U+9969
0996E	饮		U+996E
09971	饱		U+9971
09975	饵		U+9975
09977	饷		U+9977
0997F	饿		U+997F
09984	馄		U+9984
09988	馈		U+9988
09993	馓		U+9993
09996	首		U+9996
09997	馗		U+9997
09999	香		U+9999
099A8	馨		U+99A8
099AD	馭		U+99AD
099B1	馱		U+99B1
099B4	馴		U+99B4
099B9	馹		U+99B9
099C1	駁		U+99C1
099C4	駄		U+99C4
099D1	駑		U+99D1
099D2	駒		U+99D2
099DF	駟		U+99DF
099EA	駪		U+99EA
099EE	駮		U+99EE
099F1	駱		U+99F1
099FC	駼		U+99FC
099FF	駿		U+99FF
09A00	騀		U+9A00
09A01	騁		U+9A01
09A0A	騊		U+9A0A
09A0B	騋		U+9A0B
09A13	験		U+9A13
09A2B	騫		U+9A2B
09A2D	騭		U+9A2D
09A30	騰		U+9A30
09A35	騵		U+9A35
09A41	驁		U+9A41
09A45	驅		U+9A45
09A4A	驊		U+9A4A
09A57	驗		U+9A57
09A5A	驚		U+9A5A
09A65	驥		U+9A65
09A66	驦		U+9A66
09A6D	驭		U+9A6D
09A6E	驮		U+9A6E
09A6F	驯		U+9A6F
09A71	驱		U+9A71
09A72	驲		U+9A72
09A73	驳		U+9A73
09A77	驷		U+9A77
09A79	驹		U+9A79
09A7D	驽		U+9A7D
09A85	骅		U+9A85
09A86	骆		U+9A86
09A8B	骋		U+9A8B
09A8C	验		U+9A8C
09A8F	骏		U+9A8F
09A98	骘		U+9A98
09A9C	骜		U+9A9C
09A9E	骞		U+9A9E
09AA5	骥		U+9AA5
09AA6	骦		U+9AA6
09AAD	骭		U+9AAD
09AB0	骰		U+9AB0
09AB9	骹		U+9AB9
09ABC	骼		U+9ABC
09AC8	髈		U+9AC8
09AD2	髒		U+9AD2
09AD4	體		U+9AD4
09AD9	髙		U+9AD9
09ADF	髟		U+9ADF
09AE3	髣		U+9AE3
09AE4	髤		U+9AE4
09AF9	髹		U+9AF9
09AFB	髻		U+9AFB
09B0D	鬍		U+9B0D
09B1A	鬚		U+9B1A
09B23	鬣		U+9B23
09B25	鬥		U+9B25
09B28	鬨		U+9B28
09B2A	鬪		U+9B2A
09B2D	鬭		U+9B2D
09B2E	鬮		U+9B2E
09B2F	鬯		U+9B2F
09B31	鬱		U+9B31
09B42	魂		U+9B42
09B44	魄		U+9B44
09B48	魈		U+9B48
09B4D	魍		U+9B4D
09B5A	魚		U+9B5A
09B6F	魯		U+9B6F
09B74	魴		U+9B74
09B8B	鮋		U+9B8B
09B91	鮑		U+9B91
09B9A	鮚		U+9B9A
09B9C	鮜		U+9B9C
09BA3	鮣		U+9BA3
09BA6	鮦		U+9BA6
09BAA	鮪		U+9BAA
09BAB	鮫		U+9BAB
09BAE	鮮		U+9BAE
09BC0	鯀		U+9BC0
09BC9	鯉		U+9BC9
09BD6	鯖		U+9BD6
09BDB	鯛		U+9BDB
09BE0	鯠		U+9BE0
09BE4	鯤		U+9BE4
09BE5	鯥		U+9BE5
09BE8	鯨		U+9BE8
09C08	鰈		U+9C08
09C0D	鰍		U+9C0D
09C23	鰣		U+9C23
09C27	鰧		U+9C27
09C2C	鰬		U+9C2C
09C31	鰱		U+9C31
09C32	鰲		U+9C32
09C39	鰹		U+9C39
09C42	鱂		U+9C42
09C45	鱅		U+9C45
09C52	鱒		U+9C52
09C56	鱖		U+9C56
09C5F	鱟		U+9C5F
09C63	鱣		U+9C63
09C67	鱧		U+9C67
09C78	鱸		U+9C78
09C7C	鱼		U+9C7C
09C81	鲁		U+9C81
09C82	鲂		U+9C82
09C88	鲈		U+9C88
09C89	鲉		U+9C89
09C8D	鲍		U+9C8D
09C8E	鲎		U+9C8E
09C92	鲒		U+9C92
09C94	鲔		U+9C94
09C96	鲖		U+9C96
09C98	鲘		U+9C98
09C9B	鲛		U+9C9B
09C9C	鲜		U+9C9C
09CA2	鲢		U+9CA2
09CA3	鲣		U+9CA3
09CA4	鲤		U+9CA4
09CA5	鲥		U+9CA5
09CA7	鲧		U+9CA7
09CAD	鲭		U+9CAD
09CB2	鲲		U+9CB2
09CB7	鲷		U+9CB7
09CB8	鲸		U+9CB8
09CBD	鲽		U+9CBD
09CC5	鳅		U+9CC5
09CC9	鳉		U+9CC9
09CCC	鳌		U+9CCC
09CD9	鳙		U+9CD9
09CDC	鳜		U+9CDC
09CDF	鳟		U+9CDF
09CE2	鳢		U+9CE2
09CE3	鳣		U+9CE3
09CE7	鳧		U+9CE7
09CE9	鳩		U+9CE9
09CEC	鳬		U+9CEC
09CF4	鳴		U+9CF4
09D07	鴇		U+9D07
09D11	鴑		U+9D11
09D1D	鴝		U+9D1D
09D1E	鴞		U+9D1E
09D23	鴣		U+9D23
09D2B	鴫		U+9D2B
09D3B	鴻		U+9D3B
09D3D	鴽		U+9D3D
09D3F	鴿		U+9D3F
09D41	鵁		U+9D41
09D42	鵂		U+9D42
09D50	鵐		U+9D50
09D5D	鵝		U+9D5D
09D5E	鵞		U+9D5E
09D70	鵰		U+9D70
09D73	鵳		U+9D73
09D7A	鵺		U+9D7A
09D7E	鵾		U+9D7E
09D84	鶄		U+9D84
09D8A	鶊		U+9D8A
09D8B	鶋		U+9D8B
09D92	鶒		U+9D92
09D96	鶖		U+9D96
09D98	鶘		U+9D98
09DB1	鶱		U+9DB1
09DBF	鶿		U+9DBF
09DC0	鷀		U+9DC0
09DC4	鷄		U+9DC4
09DD3	鷓		U+9DD3
09DD8	鷘		U+9DD8
09DF3	鷳		U+9DF3
09DF4	鷴		U+9DF4
09DFA	鷺		U+9DFA
09DFC	鷼		U+9DFC
09DFD	鷽		U+9DFD
09DFE	鷾		U+9DFE
09E07	鸇		U+9E07
09E15	鸕		U+9E15
09E18	鸘		U+9E18
09E20	鸠		U+9E20
09E21	鸡		U+9E21
09E23	鸣		U+9E23
09E28	鸨		U+9E28
09E2A	鸪		U+9E2A
09E2C	鸬		U+9E2C
09E2E	鸮		U+9E2E
09E32	鸲		U+9E32
09E3A	鸺		U+9E3A
09E3D	鸽		U+9E3D
09E3F	鸿		U+9E3F
09E40	鹀		U+9E40
09E45	鹅		U+9E45
09E47	鹇		U+9E47
09E4D	鹍		U+9E4D
09E52	鹒		U+9E52
09E55	鹕		U+9E55
09E59	鹙		U+9E59
09E5A	鹚		U+9E5A
09E67	鹧		U+9E67
09E6D	鹭		U+9E6D
09E6F	鹯		U+9E6F
09E74	鹴		U+9E74
09E75	鹵		U+9E75
09E78	鹸		U+9E78
09E7A	鹺		U+9E7A
09E7C	鹼		U+9E7C
09E7D	鹽		U+9E7D
09E7E	鹾		U+9E7E
09E7F	鹿		U+9E7F
09E80	麀		U+9E80
09E8B	麋		U+9E8B
09E8C	麌		U+9E8C
09E93	麓		U+9E93
09E96	麖		U+9E96
09E9D	麝		U+9E9D
09EA5	麥		U+9EA5
09EA6	麦		U+9EA6
09EAA	麪		U+9EAA
09EB5	麵		U+9EB5
09EBA	麺		U+9EBA
09EC3	黃		U+9EC3
09EC4	黄		U+9EC4
09EC9	黉		U+9EC9
09ECC	黌		U+9ECC
09ECD	黍		U+9ECD
09ED1	黑		U+9ED1
09ED2	黒		U+9ED2
09ED4	黔		U+9ED4
09ED8	默		U+9ED8
09ED9	黙		U+9ED9
09EDC	黜		U+9EDC
09EE0	黠		U+9EE0
09EE5	黥		U+9EE5
09EE9	黩		U+9EE9
09EEF	黯		U+9EEF
09EF7	黷		U+9EF7
09F04	鼄		U+9F04
09F07	鼇		U+9F07
09F0E	鼎		U+9F0E
09F13	鼓		U+9F13
09F15	鼕		U+9F15
09F1B	鼛		U+9F1B
09F20	鼠		U+9F20
09F2A	鼪		U+9F2A
09F2B	鼫		U+9F2B
09F2C	鼬		U+9F2C
09F2F	鼯		U+9F2F
09F3B	鼻		U+9F3B
09F3E	鼾		U+9F3E
09F41	齁		U+9F41
09F4A	齊		U+9F4A
09F50	齐		U+9F50
09F52	齒		U+9F52
09F53	齓		U+9F53
09F54	齔		U+9F54
09F55	齕		U+9F55
09F58	齘		U+9F58
09F69	齩		U+9F69
09F6A	齪		U+9F6A
09F6C	齬		U+9F6C
09F72	齲		U+9F72
09F7F	齿		U+9F7F
09F80	龀		U+9F80
09F81	龁		U+9F81
09F89	龉		U+9F89
09F8A	龊		U+9F8A
09F8B	龋		U+9F8B
09F94	龔		U+9F94
09F95	龕		U+9F95
09F9A	龚		U+9F9A
09F9B	龛		U+9F9B
09F9C	龜		U+9F9C
09F9F	龟		U+9F9F
09FA0	龠		U+9FA0
09FA5	龥		U+9FA5
205E8	𠗨	⿰冫枼	U+205E8
206EC	𠛬		U+206EC
20991	𠦑		U+20991
20A7A	𠩺	⿱⿰未攵厂	U+20A7A
20B9F	𠮟		U+20B9F
21301	𡌁	⿱㓝土	U+21301
21396	𡎖	⿰土貟	U+21396
21484	𡒄	⿰土禀	U+21484
21883	𡢃		U+21883
21A25	𡨥	⿱宀⿺元攵	U+21A25
2231E	𢌞		U+2231E
22488	𢒈	⿰井彡	U+22488
226F3	𢛳		U+226F3
2274A	𢝊	⿱頁心	U+2274A
22D67	𢵧		U+22D67
23154	𣅔	⿱日夨	U+23154
24169	𤅩	⿰漢鳥	U+24169
25CD1	𥳑	⿱竹閒	U+25CD1
25E24	𥸤	⿰籥頁	U+25E24
266A2	𦚢	⿰月㫐	U+266A2
271A8	𧆨	⿸虍田	U+271A8
278B3	𧢳	⿰角乚	U+278B3
27DA0	𧶠		U+27DA0
27E87	𧺇	⿺走乚	U+27E87
28565	𨕥	⿺辶𩠐	U+28565
28677	𨙷	⿰井阝	U+28677
28959	𨥙	⿰金井	U+28959
28995	𨦕	⿰金㓝	U+28995
289E8	𨧨		U+289E8
28C47	𨱇		U+28C47
28C51	𨱑		U+28C51
28C54	𨱔		U+28C54
29810	𩠐		U+29810
2AFA2	𪾢		U+2AFA2
2B5B3	𫖳		U+2B5B3
2B5F4	𫗴		U+2B5F4
2B626	𫘦		U+2B626
2B62A	𫘪		U+2B62A
2B7CF	𫟏		U+2B7CF
2C02A	𬀪		U+2C02A
2C1C7	𬇇	⿰叠毛	U+2C1C7
2C1D9	𬇙		U+2C1D9
2C361	𬍡		U+2C361
2C488	𬒈		U+2C488
2C613	𬘓		U+2C613
2C62C	𬘬		U+2C62C
2C62D	𬘭		U+2C62D
2C64A	𬙊		U+2C64A
2C6F8	𬛸	⿱臼工	U+2C6F8
2CB38	𬬸		U+2CB38
2CB39	𬬹		U+2CB39
2CB3B	𬬻		U+2CB3B
2CBCE	𬯎		U+2CBCE
2CCFD	𬳽		U+2CCFD
2CCFF	𬳿		U+2CCFF
2CE23	𬸣		U+2CE23
2CE7C	𬹼		U+2CE7C
2DC01	𭰁	⿰氵囘	U+2DC01
2E789	𮞉	⿺辶囘	U+2E789
