dziwbyo	zyepheng
㐭	lím
㒸	zŷi
㓹	chyêi
㔷	lû
㕟	khruêi
㕡	qhak
㝢	xyó
㝵	ŋə̂i
㝵	tək
㞷	gyaŋ
㞷	xuaŋ
㣇	dêi
㣇	jî
㥄	liəŋ
㥏	thén
㥑	qyu
㥜	xyûi
㧆	kiə̂n
㧆	krîn
㬊	xuán
㮇	thêm
㲋	thriak
㵧	kat
㶅	xrok
㶔	brêi
㹠	dun
㿟	kéu
䃕	lrok
䇟	gian
䇟	giân
䇟	kian
䈎	jiep
䈎	thriep
䊷	criə
䋎	drên
䍃	jyu
䔖	liəŋ
䖵	kun
䜋	xúi
䜋	xûi
䠙	baŋ
䢵	xyun
䢼	kyoŋ
䥤	brok
䪡	cei
䯎	kân
䲔	giaŋ
䲔	grieŋ
䵒	nrit
一	qit
丁	teŋ
丁	treŋ
七	chit
万	mək
万	myân
丈	driáŋ
三	sam
三	sâm
上	diáŋ
上	diâŋ
下	xrá
下	xrâ
与	jió
丏	mén
丑	thryú
世	shiêi
丘	khyu
並	bâŋ
並	béŋ
並	bráŋ
丨	kún
丩	kyu
个	kâ
个	kân
丫	qra
中	dryûŋ
中	tryuŋ
中	tryûŋ
丱	kruân
串	kruân
串	thyên
丸	xuan
丹	tan
主	tyó
丼	ciéŋ
丼	tə́m
乂	ŋiâi
久	kyú
之	tiə
乎	qho
乎	xo
乖	kruei
乘	zhiəŋ
乘	zhiə̂ŋ
乙	qrit
九	kyu
九	kyú
乞	khiə̂i
乞	khiət
乩	kei
乹	grien
乾	grien
乾	kan
亅	gyat
了	léu
予	jio
予	jió
争	creŋ
争	crêŋ
二	nî
于	qhyo
于	qyo
于	xyo
云	xyun
亓	giə
五	ŋó
井	ciéŋ
亡	myaŋ
亡	myo
交	krau
亥	xə́i
亦	jiek
亨	phraŋ
亨	qhiáŋ
亨	qhraŋ
享	qhiáŋ
京	krieŋ
亭	deŋ
亮	liaŋ
亮	liâŋ
亶	dán
亶	dien
亶	tán
人	nin
什	dip
仁	nin
仃	teŋ
仄	criək
仇	gyu
今	krim
介	krêi
仔	ciə
仔	ciə́
仔	cə́i
仗	driáŋ
仗	driâŋ
仙	sien
仝	duŋ
仟	chen
仡	kiət
仡	ŋiət
仡	ŋət
仡	qhiət
以	jiə́
仲	dryûŋ
仵	ŋó
件	grién
价	krêi
仿	byaŋ
仿	phyáŋ
企	khié
企	khiê
伃	jio
伊	qi
伋	grip
伋	krip
伍	ŋó
伎	grie
伎	grié
伎	tiê
伏	byû
伏	byuk
休	qhyô
休	qhyu
伙	qhuá
伭	xen
伯	mrak
伯	prâ
伯	prak
估	kó
伴	bán
伴	bân
伷	dryû
伸	shin
伽	gia
佃	den
佃	dên
但	dan
但	dán
但	dân
位	xrŷi
佐	câ
佑	xyû
体	bún
何	xa
何	xá
佘	dia
余	do
余	jio
余	jiô
余	shio
余	zio
佚	det
佚	jit
佝	qhû
佞	nêŋ
佟	doŋ
佩	bûi
佪	xui
佰	mrak
佰	prak
佳	kre
佴	niə̂
佴	nə̂i
佶	grit
佺	chyen
佼	krau
佼	kráu
佼	xráu
佾	jit
侄	det
侄	drit
侄	tit
來	ləi
來	lə̂i
例	liêi
侌	qrim
侍	diə̂
侏	tryo
侏	tryu
侏	tyo
供	kyoŋ
供	kyôŋ
侜	tryu
依	qiəi
依	qiə́i
侣	lió
侵	chim
侵	chím
侷	gyok
係	kêi
係	xêi
促	chrok
促	chyok
俄	ŋa
俅	gyu
俊	cŷn
俊	shŷn
俏	chiêu
俏	siêu
俐	lî
俑	jyóŋ
俑	thuŋ
俔	khên
俔	xén
俘	phyo
俚	liə́
俜	pheŋ
俜	phiêŋ
保	páu
信	shin
信	sîn
俣	ŋyó
修	syu
俱	kyo
俶	thek
俶	thyuk
俺	ŋám
俺	qiâm
俺	qriêm
倀	thriaŋ
倀	trâŋ
個	kâ
倏	shyuk
倔	gyut
倜	thek
倜	tryu
倞	griêŋ
倞	liâŋ
借	ciâ
借	ciek
倣	pyáŋ
倥	khuŋ
倥	khúŋ
倥	khûŋ
倦	gryên
倨	kiô
倩	chên
倩	chiêŋ
值	diək
值	driə̂
值	driək
偁	thiəŋ
偈	griêi
偈	griet
偈	khriêi
偈	khriet
偉	xyúi
偊	xyó
偌	niak
偕	krei
停	deŋ
健	giân
偪	pryək
偪	pyuk
偭	mién
偭	miên
偵	thrieŋ
偵	thriêŋ
偵	trâŋ
傉	nok
傍	baŋ
傍	bâŋ
傍	praŋ
傑	griet
傘	sán
傘	sân
傚	xrâu
傞	cha
傞	sa
傭	jyoŋ
傭	thryoŋ
傲	ŋau
傲	ŋâu
傴	qyó
傷	shiaŋ
傷	shiâŋ
傻	sruá
傻	sruâ
傾	khyeŋ
僅	grîn
僉	chiem
働	dúŋ
僑	grieu
僖	qhiə
僚	leu
僚	léu
僞	ŋryê
僞	ŋua
僞	xryi
僩	krén
僩	xrán
僵	kiaŋ
價	krâ
僽	dzryû
儀	ŋrie
億	qiək
儈	kuâi
儉	griém
儒	nyo
優	qu
優	qyu
儲	drio
儵	shyuk
儺	na
儺	ná
儿	nin
允	jyen
允	jýn
元	ŋyan
兄	qhryeŋ
兄	qhyâŋ
充	thyuŋ
兇	qhyoŋ
兇	qhyóŋ
先	sen
先	sên
光	kuaŋ
光	kuâŋ
克	khək
兔	thô
兢	kiəŋ
入	nip
全	dzyen
八	pret
六	lyuk
兮	xei
共	gyôŋ
共	kyoŋ
共	kyóŋ
具	gyô
典	dén
典	tén
兹	ciə
兹	dziə
冀	krî
内	nûi
内	nəp
内	nyêi
再	cə̂i
冠	kuan
冠	kuân
冬	toŋ
冲	dryuŋ
况	qhyâŋ
冶	jiá
冼	sén
冼	sriə́ŋ
冽	liet
净	chreŋ
净	dziêŋ
凄	chei
凄	chên
凉	liaŋ
凉	liâŋ
凊	chiêŋ
凋	teu
凌	liəŋ
凓	lit
凛	grim
凛	lím
凧	krin
凪	tiə́
凰	xuaŋ
凱	khə́i
凶	qhyoŋ
凷	khûi
凸	det
凸	dut
出	thŷi
出	thyt
刁	teu
刅	chriaŋ
切	chêi
切	chet
刈	ŋiâi
刊	khan
刎	myún
刑	xeŋ
刖	ŋruat
刖	ŋut
刖	ŋyat
列	liet
初	chrio
判	phân
刨	brau
利	lî
刵	niə̂
券	khyân
刻	khək
削	chiêu
削	siak
削	siêu
削	srâu
剋	khək
剌	lat
剙	chriâŋ
剛	kaŋ
剩	zhiə̂ŋ
割	kat
剳	cret
剳	tap
創	chriaŋ
創	chriâŋ
剺	liə
劂	kyat
劄	cret
劄	trep
劇	griek
劌	kryêi
劍	kiâm
力	liək
功	kuŋ
加	kra
劣	lyet
劦	xep
努	nó
劫	kiap
劬	gyo
劵	gryên
劻	khyaŋ
劼	khret
勇	jyóŋ
勍	grieŋ
勑	lə̂i
勑	thriək
勒	lək
勔	mién
動	dúŋ
勘	khə̂m
勛	qhyun
勝	shiəŋ
勝	shiə̂ŋ
勞	lau
勞	lâu
勞	leu
勢	shiêi
勤	giən
勩	jî
勩	jiêi
勰	xep
勱	mrâi
勵	liêi
勸	khyân
勹	prau
勾	ku
勾	kû
勿	mut
勿	myut
包	brau
包	prau
匈	qhyoŋ
匋	dau
匋	jieu
匏	brau
化	qhruâ
匚	pyaŋ
匛	gyû
匡	khyaŋ
匡	quaŋ
匭	krýi
匱	grŷi
匵	duk
匹	phit
医	qêi
十	dip
千	chen
升	shiəŋ
午	ŋó
午	ŋô
卉	qhyúi
卉	qhyûi
半	pân
半	phân
協	xep
南	nəm
博	pak
卦	kruê
卮	tie
印	qîn
危	ŋrye
卵	kun
卵	luá
卵	luán
卸	siâ
卿	khrieŋ
厘	drien
厘	liə
厙	shiâ
厚	xú
厚	xû
原	ŋyan
原	ŋyân
厢	siaŋ
厤	lek
厥	kyat
厥	kyut
厨	dryo
厩	kyû
厲	lâi
厲	liêi
厹	gyu
又	xyú
又	xyû
及	grip
友	xyú
叔	shyuk
叔	thyuk
受	dyú
叙	zió
叠	dep
口	khú
古	kó
古	kô
句	gyo
句	ku
句	kû
句	kyô
叩	khú
叫	kêu
叮	teŋ
可	khá
叱	thit
右	xyú
右	xyû
叵	phá
叶	xep
号	xâu
吃	khek
吃	khiət
吃	kiət
各	kak
合	kəp
合	xəp
吉	kit
吋	chûn
吋	dú
吋	qrieŋchûn
同	duŋ
名	mieŋ
后	xú
后	xû
吐	thó
吐	thô
向	qhiâŋ
向	shiâŋ
吕	lió
君	kyun
吝	lîn
吞	then
吞	thən
吟	grîm
吟	ŋrim
吟	ŋrím
吟	ŋrîm
吪	ŋua
含	xəm
含	xə̂m
吮	dzyén
吮	zhýn
启	khéi
吴	ŋo
吵	chráu
吵	miéu
吸	qhrip
吻	myún
吼	qhú
吼	qhû
吾	ŋio
吾	ŋo
吾	ŋra
呆	ŋəi
呆	páu
呈	drieŋ
呈	driêŋ
呐	nruet
呐	nryet
呐	nut
呐	nəp
呐	nyet
呟	kuén
周	tyu
呬	qhrî
呬	thrî
呱	ko
呴	kû
呴	kyo
呴	qhú
呴	qhyo
呴	qhyó
呴	qhyô
呻	shin
咄	tuat
咄	tut
咆	brau
咎	gyú
咎	kau
咏	xryêŋ
咨	ci
咬	krau
咬	ŋráu
咬	qrau
咮	tryô
咮	tryu
咮	tryû
咮	tû
咮	tyo
咲	siêu
咳	khə̂i
咳	xəi
咻	qhrau
咻	qhyó
咻	qhyu
咿	qi
哀	qəi
品	phrím
哃	duŋ
哄	qhuŋ
哄	xûŋ
哈	ŋəp
哈	qha
哈	srep
哈	thəp
哉	cəi
員	xryen
員	xyun
員	xyûn
哢	lûŋ
哥	ka
哦	ŋa
哨	chiêu
哨	dziêu
哨	sieu
哨	srâu
哩	liə́
哩	qrieŋliə́
哭	khuk
唁	ŋriên
唄	brâi
唆	sua
唈	qrip
唈	qəp
唐	daŋ
唫	grím
唫	ŋrim
售	dyu
售	dyû
唸	nêm
唸	têm
唸	tên
啁	dêu
啁	trau
啁	tryu
商	shiaŋ
啎	ŋô
問	myûn
啓	khéi
啕	dau
啾	cyu
喀	khrak
喁	ŋyo
喁	ŋyoŋ
喃	nrem
喃	nə́m
喈	krei
喋	dep
喋	drap
喋	tep
喑	qrim
喑	qrîm
喑	qəm
喟	khruêi
喟	khrŷi
喤	qhruaŋ
喤	xruaŋ
喦	niep
喬	grieu
喬	khrieu
喬	krieu
喬	kriéu
嗇	sriək
嗒	thəp
嗒	təp
嗟	cia
嗤	thiə
嗥	xau
嗷	ŋau
嘅	khə̂i
嘆	than
嘆	thân
嘉	kra
嘎	kret
嘩	xrua
嘮	lau
嘮	thrau
嘰	kiəi
嘶	sei
嘻	qhiə
噂	cún
噏	qhrip
噞	ŋriém
噞	ŋriêm
噤	grím
噤	grîm
噦	qhuâi
噦	qryet
噦	qyat
器	khrî
噫	qiə
噫	qiə̂
噫	qiək
噫	qrêi
噬	diêi
噲	khruâi
噳	ŋyó
嚅	nyo
嚇	qhrâ
嚇	qhrak
嚊	phrŷi
嚏	têi
嚕	lo
嚕	ló
嚚	ŋrin
嚳	khok
嚼	dziak
囂	ŋau
囂	qhrieu
囈	ŋiêi
囌	so
囗	xyui
四	sî
回	xui
因	qin
囤	dún
囮	jyu
囮	ŋua
困	khûn
固	kô
囿	xyû
囿	xyuk
圄	ŋió
圉	ŋió
圊	chieŋ
園	xyan
圓	xryen
圖	do
團	duan
圜	xruan
圜	xryen
土	dó
土	thó
土	thrá
圣	khut
圣	shiêŋ
圥	lyuk
圭	kuei
圮	brýi
圼	net
址	tiə́
坊	byaŋ
坊	pyaŋ
坎	khə́m
坎	khə̂m
坤	khun
坦	thán
坴	lyuk
型	xeŋ
垓	kəi
垔	qin
垢	kú
垣	xyan
垤	det
垻	pâi
垻	prâ
垾	xân
埃	qəi
埇	jyóŋ
埋	mrei
城	dieŋ
埜	jiá
域	xryək
埧	gyô
埴	diək
埴	thiə̂
埶	ŋiêi
埶	shiêi
執	tip
基	kiə
埼	giəi
埼	grie
堀	gyut
堀	khut
堅	ken
堆	tui
堙	qin
堞	dep
堡	páu
堦	krei
報	pâu
報	phyô
場	driaŋ
堵	tiá
堵	tó
塍	zhiəŋ
塏	khə́i
塒	diə
塔	thap
塗	do
塗	dô
塗	dra
塘	daŋ
塙	khrok
塤	qhyan
塲	driaŋ
塲	shiaŋ
塵	drin
塵	drîn
境	kriéŋ
墅	dió
墉	jyoŋ
墜	drŷi
墝	khrau
墨	mryi
墨	mək
墩	tun
墫	chyn
墭	diêŋ
墻	dziaŋ
壃	kiaŋ
壅	qyoŋ
壅	qyóŋ
壇	dan
壇	dân
壇	dién
壑	qhak
壕	xau
壙	khuáŋ
壙	khuâŋ
壚	lo
壜	dəm
壝	jyi
壝	jýi
壢	lek
壯	criâŋ
壯	drôŋ
壺	xo
壼	khryn
壼	khún
夃	kó
夋	chyn
夌	liəŋ
夒	nau
夔	gryi
夕	ziek
外	ŋuâi
夜	jiâ
够	khu
够	ku
够	kû
大	dâ
大	dâi
大	thâi
夨	criək
夨	let
天	then
太	thâi
夬	kruâi
夬	kuet
失	jit
失	shit
夷	ji
奇	grie
奇	krie
奕	jiek
奘	dzáŋ
奘	dzâŋ
奡	ŋâu
奢	shia
奩	liem
奪	duat
奬	ciáŋ
奭	shiek
奮	pyûn
奰	brŷi
女	nió
女	nrió
女	nriô
奴	no
奸	kan
奸	kran
好	qháu
好	qhâu
如	nio
如	niô
妃	phûi
妃	phyui
妄	myaŋ
妄	myâŋ
妄	myo
妍	ŋen
妒	tô
妓	grié
妓	krie
妘	xyun
妙	miéu
妙	miêu
妝	criaŋ
妤	jio
妨	phyaŋ
妨	phyâŋ
妯	dryuk
妯	thryu
妲	tân
妲	tat
姑	ko
姑	kó
姓	siêŋ
姜	kiaŋ
姝	thyo
姞	grit
姣	kráu
姣	xrau
姤	kû
姥	láu
姥	mó
姦	kran
姨	ji
姪	det
姪	drit
姱	khrua
姶	qəp
姻	qin
姿	ci
姿	cî
威	qyui
娉	pheŋ
娉	phiêŋ
娌	liə́
娘	nriaŋ
娥	ŋa
娭	qhiə
娭	qəi
娱	ŋô
娱	ŋyo
婣	qin
婤	thryu
婤	tyu
婦	byú
婧	cieŋ
婧	dziéŋ
婧	dziêŋ
婪	ləm
媓	xuaŋ
媛	xryên
媛	xyan
媟	siet
媵	jiə̂ŋ
媵	zhiə̂ŋ
媸	thiə
嫁	krâ
嫄	ŋyan
嫌	xem
嫠	liə
嫺	xren
嫻	xren
嬀	krye
嬃	syo
嬗	diên
嬗	tán
嬗	than
嬗	thán
嬙	dziaŋ
嬙	sriək
嬥	deu
嬥	déu
嬥	dêu
嬥	drok
嬥	theu
嬬	nû
嬬	nyo
嬴	jieŋ
嬸	shím
嬾	lán
孀	sriaŋ
子	ciə́
子	ciə̂
子	dziə
孑	kiet
孔	khúŋ
孕	jiə̂ŋ
字	dziə̂
存	dzun
孚	byu
孚	phyo
孜	ciə
季	kŷi
孤	ko
孥	no
孩	xəi
孳	ciə
孳	dziə̂
孵	phyo
學	xrâu
學	xrok
宀	mien
宄	krýi
宇	xyó
守	shyú
守	shyû
安	qan
宋	sôŋ
完	xuan
宕	dâŋ
宗	coŋ
官	kuan
宙	dryû
定	dêŋ
定	têŋ
宜	ŋrie
客	khrak
室	shit
宥	xyû
宦	xruân
宫	kyuŋ
害	xâi
害	xat
宵	sieu
宵	siéu
宵	siêu
家	ko
家	kra
容	jyoŋ
容	jyóŋ
宿	syû
宿	syuk
寂	dzek
寄	kriê
寇	khû
寑	chím
寒	xan
寓	ŋyô
寡	kruá
寢	chím
寤	ŋô
實	zhit
審	shím
寮	leu
寶	páu
寸	chún
寸	chûn
寺	diə̂
寺	ziə̂
尃	phyo
射	jiâ
射	jiek
射	zhiâ
射	zhiek
將	chiaŋ
將	ciaŋ
將	ciâŋ
專	duan
專	tyen
尉	qyûi
尉	qyut
尊	cun
對	tûi
導	dâu
小	siéu
少	shiéu
少	shiêu
尖	ciem
尟	sién
尤	xyu
尪	quaŋ
尬	krêi
就	dzyû
尲	krem
尷	krem
尹	jýn
尹	xryn
尻	khau
局	gyok
居	kio
居	kiə
屈	gyut
屈	khyat
屈	khyut
屈	kyut
届	krêi
屐	griek
屚	lû
屠	do
屠	drio
履	lí
屧	sep
屨	kyô
屮	cháu
屮	thriet
山	sren
屹	ŋiət
屺	khiə́
屾	srin
岉	myut
岌	ŋrip
岍	khen
岐	gie
岑	dzrim
岑	ŋrim
岡	kaŋ
岢	khá
岣	kú
岣	kyo
岩	ŋram
岫	zyû
岵	xó
岸	ŋân
峉	ŋrak
峒	duŋ
峒	dûŋ
峙	driə́
峛	lié
峠	khá
峥	dzraŋ
峥	dzreŋ
峨	ŋa
峭	chiêu
峴	xén
峻	sŷn
峿	ŋió
峿	ŋo
崆	khroŋ
崆	khuŋ
崋	xrua
崋	xruâ
崌	kio
崍	ləi
崑	kun
崗	kaŋ
崚	liəŋ
崛	gyut
崛	ŋyut
崝	dzreŋ
崟	ŋrim
崴	qruei
嵇	xei
嵊	zhiə̂ŋ
嵋	mryi
嵎	ŋyo
嵒	ŋrem
嵥	griet
嵫	ciə
嵯	chrie
嵯	dza
嶈	chiaŋ
嶔	khrim
嶔	qhrim
嶟	chyn
嶟	cun
嶟	cyn
嶡	kryêi
嶨	khrok
嶨	xrok
嶪	ŋiap
嶮	ŋriém
嶮	qhriém
巛	khun
巛	thyen
川	thyen
州	tyu
巟	qhuaŋ
巡	jyen
巡	zyn
巤	liep
工	kuŋ
左	cá
左	câ
巨	gió
巨	kyó
巩	kyóŋ
巫	myo
差	chra
差	chrâ
差	chre
差	chrê
差	chrei
差	chrie
己	kiə́
巷	xrôŋ
巾	krin
巾	krîn
市	diə́
帑	no
帑	tháŋ
帕	mrak
帕	mrat
帕	phrâ
帘	dzrin
帘	liem
帙	drit
帚	tyú
帛	brak
帟	jiek
帢	khrep
帬	gyun
席	ziek
帳	triâŋ
幅	pryək
幅	pyuk
幌	xuáŋ
幬	dâu
幬	dryu
干	kan
年	nen
幹	kân
幹	xan
幻	xruên
幾	giəi
幾	giə̂i
幾	khiə́i
幾	kiəi
幾	kiə́i
幾	krî
庁	theŋ
庄	breŋ
庄	criaŋ
床	dzriaŋ
序	zió
庖	brau
庚	kraŋ
庤	driə́
庥	qhyu
度	dak
度	dô
庫	khô
庶	shiô
庶	tiô
康	khaŋ
康	khâŋ
庸	jyoŋ
庽	ŋyô
庾	jyó
廊	laŋ
廓	khuak
廕	qrîm
廛	drien
廣	khuâŋ
廣	kuáŋ
廣	kuâŋ
廧	dziaŋ
廧	sriək
廪	lím
廪	lə́m
廪	prím
廱	qyoŋ
廴	jín
廻	xui
廾	gyoŋ
廾	kyoŋ
廾	kyóŋ
廿	nêm
廿	nip
开	ken
弃	khî
弄	lûŋ
弈	jiek
弌	qit
弍	nî
弎	sam
弓	kyuŋ
弘	xuəŋ
弦	xen
弧	xo
弩	nó
弱	niak
張	triaŋ
張	triâŋ
弶	giâŋ
强	giaŋ
强	giáŋ
彉	khuak
彉	kuak
彉	qhuak
彊	giaŋ
彊	giáŋ
彊	giâŋ
彊	kiaŋ
彊	kiâŋ
彐	kriêi
彖	thuân
彘	driêi
彙	xyûi
彝	ji
彡	siem
彡	siém
彡	sram
形	xeŋ
彤	doŋ
彦	ŋriên
彫	teu
彬	pryn
影	qriéŋ
彳	thriek
彶	krip
彷	baŋ
彷	phyáŋ
往	xyáŋ
往	xyâŋ
征	tieŋ
待	də́i
徊	xui
律	lyt
後	xú
後	xû
徐	zio
徒	do
得	tək
徠	ləi
徠	lə̂i
御	ŋió
御	ŋiô
御	ŋrâ
徨	xuaŋ
徬	baŋ
徬	bâŋ
德	tək
必	pit
忌	giə̂
忌	kiə̂
忔	ŋrit
忔	qhiə
忔	qhiət
忖	chún
志	tiə̂
忘	myaŋ
忘	myâŋ
忘	myo
忙	maŋ
忝	thém
忝	thêm
忠	tryuŋ
忡	thryuŋ
忤	ŋô
忧	xyû
快	khruâi
忮	tiê
念	nêm
忻	qhiən
忽	qhut
怒	nó
怒	nô
怔	tieŋ
怕	phrâ
怕	phrak
怙	xó
怛	tat
急	krip
性	siêŋ
怪	kruêi
怬	qhrî
怳	qhyáŋ
怵	syt
怵	thryt
恃	diə́
恇	khyaŋ
恍	kuaŋ
恍	qhuáŋ
恍	qhyáŋ
恐	khyóŋ
恐	khyôŋ
恔	kéu
恕	shiô
恟	qhyoŋ
恢	khui
恢	khyúi
恣	cî
恩	qən
恪	khak
恫	dûŋ
恫	thuŋ
恬	dem
恭	kyoŋ
恰	khrep
恿	jyóŋ
悃	khún
悄	chiéu
悍	xán
悍	xân
悒	qrip
悛	chyen
悛	syn
悝	khui
悝	liə́
悟	ŋô
悠	jyu
悢	láŋ
悢	liâŋ
患	xruan
患	xruân
悦	jyet
悮	ŋô
悵	thriâŋ
悶	mun
悶	mûn
悸	gŷi
悼	dâu
悾	khroŋ
悾	khuŋ
悾	khûŋ
情	dzieŋ
惆	khyu
惆	thryu
惏	lim
惏	ləm
惕	thek
惘	myáŋ
惚	qhut
惜	siek
惟	jyi
惧	gyô
惪	tək
想	siáŋ
惵	dep
惵	thep
惶	xuaŋ
惺	seŋ
惺	siéŋ
愀	chiéu
愀	chyû
愀	ciéu
愀	dzíu
愀	dzyú
愁	ciéu
愁	cyu
愁	dzau
愁	dzryu
意	qiə
意	qiə̂
愔	qim
愚	ŋyo
愛	qə̂i
愜	khep
愷	khə́i
愺	cháu
愾	khə̂i
愾	qhiə̂i
愾	qhiət
愿	ŋyân
慂	jyóŋ
慄	lit
慈	dziə
慊	khém
慊	khep
慊	xem
慌	qhuaŋ
慌	qhuáŋ
慣	kruân
慤	khrok
慥	châu
慨	khə̂i
慰	qyûi
慱	duan
慳	khren
慵	dyoŋ
慷	kháŋ
憂	qyu
憒	kûi
憩	khriêi
憫	mrýn
憬	kryéŋ
憶	qiək
憾	xə̂m
懂	túŋ
懃	giən
懔	lím
懔	lə́m
懟	drŷi
懟	dûi
懥	tî
懥	trî
懶	lâi
懶	lán
戉	xyat
戌	syt
成	dieŋ
我	ŋá
戒	krêi
戕	caŋ
戕	dziaŋ
戕	ka
戛	kret
戟	kriek
户	xó
戻	thâi
戻	thêi
戽	qhó
戽	qhô
戽	xó
房	baŋ
房	byaŋ
扆	qiə́i
扈	xó
手	shyú
扎	cret
扎	trep
扐	lək
扒	prêi
扒	pret
扒	pryet
打	téŋ
打	tʼrá
打	tʼráŋ
扛	kroŋ
扛	qhróŋ
扞	kán
扞	xân
扢	kiət
扢	kə̂i
扢	kət
扢	qhiət
扢	xət
扣	khú
扣	khû
扭	nryú
扭	thryú
扭	tryú
扯	thiá
扱	chrep
扱	khrip
扱	ŋrip
扱	qhrip
技	grié
抄	chrau
抄	chrâu
抆	myún
抆	myûn
抑	qiək
抒	zhió
抒	zió
投	du
投	dû
抖	tú
抱	báu
抱	phrau
抴	jiêi
抴	jiet
抶	thrit
抽	thryu
担	khriet
担	tán
拉	ləp
拌	bán
拌	phan
拌	phân
拍	pak
拍	phrak
拏	nra
拒	gió
拒	kyó
拓	thak
拓	thap
拓	tiek
拘	ku
拘	kyo
拙	tyet
拜	prêi
括	kuat
拮	ket
拮	kit
拮	kret
拱	kyóŋ
拴	chyen
拴	sryen
拶	cat
拽	dzruêi
拽	jiet
拾	diep
拾	dip
拾	giap
拿	nra
持	driə
挃	trit
按	qân
挐	nieu
挐	nra
挐	nrio
挹	qip
捂	ŋô
捃	kyûn
捄	gyu
捄	kyo
捄	kyû
捅	thúŋ
捉	crok
捍	kán
捍	xân
捍	xrán
捎	sieu
捎	srau
捎	srok
捏	net
捐	jyen
捗	triək
捦	grim
捨	shiá
捫	mun
据	kio
据	kiô
捻	nep
授	dyû
掏	dau
掖	jiek
掘	gyat
掘	gyut
掘	khut
掘	ŋut
掘	tyet
掛	kruê
掟	dêŋ
掠	liak
掠	liâŋ
控	khroŋ
控	khûŋ
揅	ŋen
揚	jiaŋ
揢	khra
揢	khrak
揲	dep
揲	jiep
揲	zhiet
援	xryên
援	xyan
損	sún
搒	braŋ
搒	páŋ
搒	pâŋ
搓	cha
搓	chrei
搥	dryi
搥	tui
搪	daŋ
搭	tap
搭	thap
搴	khrien
搴	krién
摜	kruân
摫	kye
摭	tiek
摼	khren
摼	khreŋ
撅	gyat
撅	kryêi
撅	kyat
撈	lau
撊	xrán
撙	cún
撝	qhrye
撦	thiá
撿	kriém
撿	liém
擀	kán
擁	qyóŋ
擅	diên
擎	grieŋ
擒	grim
擡	dəi
擢	drok
擬	ŋiə́
擴	khuak
擴	xuâŋ
擷	qhet
擷	xet
擾	niéu
攔	lan
攤	nán
攤	nân
攤	than
攪	kráu
攪	xráu
攬	lám
支	gie
支	tie
收	shyu
收	shyû
攸	jyu
改	kə́i
攻	koŋ
攻	kuŋ
攻	kûŋ
放	pyaŋ
放	pyáŋ
放	pyâŋ
政	tieŋ
政	tiêŋ
敂	khú
故	kô
效	xrâu
敉	mié
救	kyû
敔	ŋió
敕	thriək
敖	ŋau
敖	ŋâu
敗	brâi
敗	prâi
敢	kám
散	sán
散	sân
敦	dâu
敦	duan
敦	dun
敦	dún
敦	teu
敦	tui
敦	tûi
敦	tun
敦	tûn
敬	kriêŋ
整	tiéŋ
敷	phyo
斂	liem
斂	liém
斂	liêm
斆	xrâu
斆	xrok
文	mryn
文	myun
文	myûn
斌	pryn
斑	pran
斗	tú
斗	tû
斗	tyó
料	leu
料	lêu
斛	xuk
斜	jia
斜	zia
斨	chiaŋ
斫	tiak
斲	trok
方	baŋ
方	byaŋ
方	myáŋ
方	pyaŋ
旁	baŋ
旁	bâŋ
旁	braŋ
旁	praŋ
旂	giəi
旃	tien
旅	lió
旌	cieŋ
旓	srau
旖	qrie
旖	qrié
旗	giə
旝	kuâi
日	nit
旦	tân
早	cáu
旭	qhyok
旰	kân
旰	xân
旱	xán
旴	qhyo
旺	xyâŋ
旻	mryn
旼	mryn
昃	criək
昆	kun
昆	xun
昇	shiəŋ
昈	xó
昉	pyáŋ
昊	xáu
昒	myut
昒	qhut
昔	chak
昔	siek
昜	jiaŋ
星	seŋ
昫	qhyô
昫	qhyóŋ
昱	jyuk
昳	det
昳	jit
時	diə
晃	xuáŋ
晈	kéu
晛	nên
晛	qên
晛	xén
晜	kun
晝	tryû
晟	diêŋ
晤	ŋô
晦	qhûi
普	phó
景	kriéŋ
景	qriéŋ
晴	dzieŋ
晶	cieŋ
晷	krýi
暈	xyûn
暑	shió
暗	qə́m
暗	qə̂m
暘	jiaŋ
暢	thriâŋ
暤	xáu
暵	qhán
暵	qhân
暹	siem
曀	qêi
曄	xriep
曄	xrip
曆	lek
曇	dəm
曙	diô
曜	jiêu
曠	khuâŋ
曦	qhrie
曰	xyat
曲	khyó
曲	khyok
曳	jiêi
書	shio
替	thêi
會	kuâi
會	kuat
會	xuâi
月	ŋyat
有	xyú
有	xyû
朐	gyo
朐	qhyo
朐	thýn
朒	nryuk
朔	srok
朕	drím
朕	drín
朗	láŋ
朘	cui
朘	cyen
望	myaŋ
望	myâŋ
期	giə
期	kiə
朢	myaŋ
朢	myâŋ
木	muk
本	pún
札	cret
术	dryt
术	zhyt
朱	dyo
朱	tyo
朸	liək
朸	lək
权	dyó
杄	chen
杅	qo
杅	xyo
杆	kan
杆	kân
杉	srem
李	liə́
杏	xráŋ
村	chun
杕	dá
杕	dêi
杖	driáŋ
杗	maŋ
杗	myaŋ
杜	dó
杞	khiə́
杠	kroŋ
杠	kuŋ
杢	mukkuŋ
杪	miéu
杰	griet
杴	qhiam
杵	thió
杻	nryú
杻	thryú
杼	drió
杼	zhió
极	giap
极	griep
枅	kei
枉	qyáŋ
枋	priêŋ
枋	pyaŋ
枋	pyâŋ
枍	qêi
枓	tú
枓	tyó
林	lim
枘	nyêi
枡	shiəŋ
枯	kho
枯	xó
枵	qhrieu
架	krâ
枸	ku
枸	kú
枸	kyó
枻	jiêi
枼	jiep
柈	ban
柊	tyuŋ
柏	prak
柒	chit
柘	tiâ
柚	dryuk
柚	jyu
柚	jyû
柜	kió
柩	gyû
柯	ka
柾	gyû
柾	tiêŋ
栀	tie
栃	liêi
栓	chyen
栓	sryen
栗	liet
栗	lit
栚	drím
栝	kuat
栝	thém
栞	khan
校	khrau
校	kráu
校	krâu
校	xrâu
株	tryo
株	tyo
栫	dzên
栫	dzûn
栱	kyóŋ
栴	tien
核	xrek
格	kak
格	krak
格	lak
格	xak
栽	cəi
栽	dzə̂i
桀	griet
桁	xaŋ
桁	xâŋ
桁	xraŋ
桃	dau
桄	kuaŋ
桄	kuâŋ
框	khyaŋ
案	qân
桎	tit
桐	duŋ
桐	thuŋ
桓	xuan
桔	ket
桔	kyt
桔	xet
桝	shiəŋ
桶	dúŋ
桶	thúŋ
桷	krok
桹	laŋ
桾	kyun
桿	kan
梁	liaŋ
梂	gyu
梟	keu
梠	lió
梢	sieu
梢	srau
梧	ŋió
梧	ŋo
梧	ŋô
梬	jiéŋ
梭	chyen
梭	sua
梭	sŷn
械	xrêi
梱	khún
梱	khûn
梱	ŋun
棄	khî
棋	giə
棋	kiə
棍	kûn
棍	xún
棖	draŋ
棗	cáu
棘	kiək
棘	kriek
棨	khéi
棫	xryək
森	srim
棺	kuan
棺	kuân
棽	lim
棽	srim
棽	thrim
椅	qrie
椅	qrié
椆	dryu
椇	kyó
椋	liaŋ
植	diək
植	driə̂
植	driək
椐	khio
椐	kio
椐	kiô
椛	qhrua
楊	jiaŋ
楛	khó
楛	kó
楛	xó
楠	nəm
楣	mryi
楨	trieŋ
業	ŋiap
楮	thrió
楮	tó
楶	cet
楸	chyu
楹	jieŋ
概	kə̂i
榊	zhin
榔	laŋ
榔	láŋ
榘	kyó
榜	braŋ
榜	páŋ
榜	prâŋ
榤	griet
榩	grien
榭	ziâ
榷	krok
榺	shiə̂ŋ
榾	khut
榾	kut
槊	srok
槎	dzra
槎	dzrá
槓	kroŋ
槔	kau
槤	lien
槤	lién
槲	xuk
槳	ciáŋ
槺	khaŋ
槻	kye
樋	thuŋ
樐	ló
樑	liaŋ
横	kuaŋ
横	xruaŋ
横	xruâŋ
樫	ken
樫	khreŋ
樲	nî
樺	xrua
樺	xruâ
樽	cun
樽	cún
樾	xyat
橄	kám
橇	khrieu
橐	lak
橐	thak
橐	tiâ
橘	kyt
橛	gyat
橛	kryêi
橛	kyat
機	kiəi
橥	trio
橱	dryo
橿	kiaŋ
檀	dan
檍	qiək
檎	grim
檜	kuâi
檜	kuat
檜	xuâi
檠	grieŋ
檠	griêŋ
檠	kriéŋ
檢	kriém
檣	dziaŋ
檯	dəi
檻	xrám
櫂	dek
櫂	drâu
櫃	grŷi
櫓	ló
櫔	liêi
櫚	lio
櫜	kau
櫝	duk
櫞	jyen
櫧	tio
櫨	lo
櫪	lek
欖	lám
欠	khiâm
次	chî
次	ci
次	cî
欣	qhiən
欮	kyat
欱	qhrep
欱	qhəp
欽	khrim
欽	ŋrim
款	khuán
歅	qin
歆	qhrim
歌	ka
歙	qhriep
歙	qhrip
歙	shiep
歛	liém
歛	qham
止	tiə́
正	tieŋ
正	tiêŋ
歧	gie
歫	gió
歲	syêi
歷	lek
歾	mut
歾	myún
殁	mut
殊	dyo
殖	diək
殞	xrýn
殣	grîn
殤	shiaŋ
殤	shiâŋ
殪	qêi
殭	kiaŋ
殮	liêm
殳	dyo
殸	khêŋ
殸	khreŋ
殹	qêi
殻	khrok
毌	kuan
毌	kuân
毓	jyuk
毦	niə̂
毫	xau
毬	gyu
氂	liə
氂	mau
氄	nyóŋ
氈	tien
氍	gyo
氓	mreŋ
气	khiə̂i
气	khiət
氣	khiə̂i
氣	qhiə̂i
氤	qin
氦	xə́i
水	shýi
永	xryéŋ
氿	krýi
汀	teŋ
汀	theŋ
汀	théŋ
汀	thêŋ
汁	dip
汁	tip
汁	xep
求	gyu
汍	xuan
汐	ziek
汔	qhiət
汕	srân
汕	srén
汗	kan
汗	xan
汗	xân
汝	nió
汞	xúŋ
江	kroŋ
汧	khen
汧	khên
汨	mek
汩	kut
汩	xryt
汩	xut
汪	quaŋ
汪	quâŋ
汪	qyáŋ
汭	nyêi
汰	dâi
汰	thâi
汰	that
汲	krip
汶	mryn
汶	mun
汶	myun
汶	myûn
汹	qhyoŋ
汽	khiə̂i
汽	qhiət
沄	xun
沄	xyun
沅	ŋyan
沏	chet
沐	muk
沔	mién
沕	mryt
沕	myut
沚	tiə́
没	mut
沭	zhyt
河	xa
油	jyu
油	jyû
沺	den
沽	ko
沽	kó
沽	kô
沿	jyen
泄	jiêi
泄	siet
泊	bak
泊	phrak
泐	liək
泐	lək
泒	ko
泓	qrueŋ
泗	sî
泡	brau
泡	brâu
泡	phrau
泣	khrip
泣	lip
泣	srip
泫	kuen
泫	xuen
泫	xuén
泮	phân
泰	thâi
泳	xryêŋ
洁	kit
洄	xui
洊	dzên
洌	liêi
洌	liet
洑	byuk
洗	séi
洗	sén
洙	dyo
洛	lak
洞	duŋ
洞	dúŋ
洞	dûŋ
洧	xrýi
洨	xrau
洩	jiêi
洩	siet
洪	xuŋ
洭	khyaŋ
洱	niə́
洱	niə̂
洲	tyu
洳	nio
洳	niô
洶	qhyoŋ
洶	qhyóŋ
洸	kuaŋ
洸	qhuáŋ
洸	quaŋ
洸	xuáŋ
活	kuat
活	xuat
洽	xrep
洽	xəp
浄	dziêŋ
浄	dzreŋ
浚	sŷn
浞	dzrok
浣	xuán
浥	qiap
浥	qrep
浥	qrip
浦	phó
浪	laŋ
浪	lâŋ
浬	liə
浬	liə́
浬	qhə́iliə́
浮	byu
浯	ŋo
浰	lên
浰	lî
海	qhə́i
浿	phâi
浿	phrêi
涂	do
涂	drio
涂	driô
涂	zio
涃	khûn
涅	net
消	sieu
涉	diep
涉	tep
涌	jyóŋ
涔	dziem
涔	dzrim
涖	lêi
涖	lî
液	jiek
液	shiek
涸	xak
涸	xô
淀	dên
淇	giə
淋	lim
淝	byui
淟	thén
淠	phâi
淠	phêi
淠	phiêi
淠	phrŷi
淦	kəm
淦	kə̂m
淩	liəŋ
淯	jyuk
淴	qut
淶	ləi
混	kun
混	kún
混	xun
混	xún
添	them
淼	miéu
清	chieŋ
清	chiêŋ
渚	tió
渟	deŋ
渠	gio
渠	giô
渡	dô
渫	dep
渫	drap
渫	dzrep
渫	siet
渭	xyûi
港	króŋ
港	xûŋ
渺	miéu
湃	phrêi
湄	mryi
湉	dem
湎	mién
湖	xo
湘	siaŋ
湞	dreŋ
湞	trieŋ
湟	xuaŋ
湧	jyóŋ
湫	céu
湫	chyu
湫	ciéu
湫	cyu
湫	dzyú
湯	jiaŋ
湯	shiaŋ
湯	thaŋ
湯	thâŋ
溆	zió
溏	daŋ
源	ŋyan
溠	cha
溠	cra
溠	crâ
溢	jit
溥	pak
溥	phak
溥	phó
溥	phyo
溧	lit
溳	xrýn
溳	xyun
滁	drio
滂	baŋ
滂	phaŋ
滅	miet
滆	xrek
滉	xuáŋ
滋	ciə
滍	drí
滐	griet
滕	dəŋ
滬	xó
滷	dek
滷	ló
滷	siek
滷	thiek
滸	qhió
滸	qhó
滹	qho
滻	srén
漁	ŋio
漉	luk
漏	lu
漏	lû
漙	duan
漢	qhân
漣	lan
漣	lien
漦	zriə
漪	qrie
漲	triaŋ
漲	triáŋ
漲	triâŋ
漶	xuân
漿	ciaŋ
潁	jyéŋ
潔	ket
潙	krye
潙	xrye
潝	qhrip
潞	lô
潟	siek
潢	kuaŋ
潢	xuaŋ
潢	xuáŋ
潢	xuâŋ
潤	nŷn
潨	dzoŋ
潨	dzuŋ
潨	tyuŋ
潰	xûi
潴	trio
潸	sran
潸	srán
澇	lau
澇	láu
澇	lâu
澐	xyun
澒	xúŋ
澗	krân
澣	xuán
澦	jiô
澧	léi
澨	diêi
澭	qyoŋ
澭	qyôŋ
澮	kuâi
澮	quâi
澴	xruan
澶	dân
澶	dien
濇	srip
濇	sriək
濊	qhuâi
濊	qhuat
濊	quâi
濊	qyâi
濞	phêi
濞	phrŷi
濠	xau
濤	dau
濤	dryu
濫	lam
濫	lám
濫	lâm
濫	xâm
濫	xrám
濯	drâu
濯	drok
濯	dzrok
濰	jyi
瀆	dû
瀆	duk
瀇	quáŋ
瀇	xuáŋ
瀋	thím
瀍	drien
瀘	lo
瀛	jieŋ
瀝	lek
瀞	dziêŋ
瀨	lâi
瀲	liém
瀲	liêm
瀲	lə́m
瀹	jiak
灘	nân
灘	qhán
灘	qhân
灘	than
火	qhuá
灯	teŋ
灰	qhui
灸	kyú
灸	kyû
灼	tiak
災	cəi
灾	cəi
炒	chráu
炟	tat
炫	xuên
炬	gió
炮	brau
炮	phrâu
炰	brau
烈	liet
烋	qhrau
烋	qhriu
烔	duŋ
烕	qhryet
烖	cəi
烘	qhuŋ
烘	qhûŋ
烘	xuŋ
烘	xûŋ
烙	lak
烹	phraŋ
焊	qhán
焚	byun
焚	pyûn
焜	kun
焜	xún
焫	nyet
焯	tiak
煌	xuaŋ
煜	jyuk
煠	dzrep
煠	jiep
煠	thriep
煦	qhyó
煦	qhyô
煩	byan
煬	jiaŋ
煬	jiâŋ
煮	tió
熙	qhiə
熨	qyûi
熨	qyut
熬	ŋau
熯	nién
熯	qhán
熯	qhân
熱	niet
熲	kuéŋ
熹	qhiə
燁	xriep
燧	zŷi
燮	sep
燾	dau
燾	dâu
燿	jiêu
燿	shiak
燿	srâu
爇	nyet
爐	lo
爚	jiak
爚	shiak
爝	ciak
爝	ciêu
爝	dziak
爞	doŋ
爞	dryuŋ
爯	thiəŋ
爰	xyan
爲	ŋryê
爲	xrye
爲	xryê
爵	ciak
爿	bren
爿	dziaŋ
爿	dzriaŋ
牀	dzriaŋ
牁	ka
牂	caŋ
牆	dziaŋ
片	phân
片	phên
牉	phân
牒	dep
牓	páŋ
牘	duk
牛	ŋyu
物	myut
牯	kó
牲	srieŋ
牷	dzyen
牸	dziə̂
特	dək
牽	khen
牽	khên
犀	sei
犄	krie
犄	qrie
犖	lak
犖	lrok
犛	liə
犛	ləi
犛	mrau
犢	duk
犧	qhrie
犧	sa
犨	thyu
犬	khuén
犰	gyu
犵	kiət
狀	dzriâŋ
狁	jýn
狂	gyaŋ
狂	gyâŋ
狄	dek
狄	thek
狌	seŋ
狌	srieŋ
狐	xo
狗	kú
狛	bak
狛	brâ
狛	phak
狡	kráu
狩	shyû
狰	creŋ
狰	dziéŋ
狳	jio
狸	liə
狺	ŋiən
狺	ŋrin
狻	suan
狼	laŋ
狼	láŋ
狼	lâŋ
狽	pâi
猇	qhrau
猇	xrau
猎	dziek
猢	xo
猨	xyan
猩	seŋ
猩	srieŋ
猪	trio
猬	xyûi
猷	jyu
猿	xyan
獃	ŋəi
獄	ŋyok
獍	kriêŋ
獒	ŋau
獩	qyâi
獫	liem
獫	liém
獫	liêm
獫	qhriém
獵	liep
獷	kruáŋ
獷	kryéŋ
獷	kyáŋ
獸	shyû
獺	that
獺	thrat
玄	xuen
玄	xuên
玅	miêu
玉	ŋyok
王	xyaŋ
王	xyáŋ
王	xyâŋ
玕	kan
玖	kyú
玗	xyo
玟	mryn
玠	krêi
玦	kuet
玹	xuen
玹	xuên
珀	phrak
珂	kha
珌	pit
珙	kyoŋ
珙	kyóŋ
珞	lak
珞	lek
珠	tyo
珥	niə̂
珩	xraŋ
珪	kuei
班	pran
現	xên
球	gyu
琅	laŋ
琅	lâŋ
理	liə́
琚	kio
琤	chraŋ
琤	chreŋ
琥	qhó
琦	grie
琨	kun
琪	giə
琱	teu
琳	lim
琴	grim
瑀	xyó
瑋	xyúi
瑒	dáŋ
瑒	dráŋ
瑒	jiaŋ
瑒	thriâŋ
瑗	xryên
瑚	xo
瑣	suá
瑯	laŋ
瑳	cha
瑳	chá
瑾	grîn
璇	zyen
璉	lien
璉	lién
璐	lô
璗	dáŋ
璜	xuaŋ
璟	kryéŋ
璟	qriéŋ
璣	kiəi
璦	qə̂i
環	xruan
環	xruân
璲	zŷi
璿	zyen
瓛	xuan
瓞	det
瓷	dzi
甃	cryû
甎	tyen
甕	qûŋ
甜	dem
生	srieŋ
生	sriêŋ
甡	srin
産	srén
甥	srieŋ
甦	so
用	jyôŋ
甬	jyóŋ
田	den
由	jyu
申	shin
男	nəm
甸	den
甸	dên
甸	zhiə̂ŋ
甹	pheŋ
町	déŋ
町	dráŋ
町	thén
町	theŋ
町	théŋ
甾	criə
甾	cəi
甿	mreŋ
畀	pî
畋	den
畋	dên
界	krêi
畎	kuén
畑	den
畔	bân
畠	brak
畠	den
畢	pit
畣	təp
畤	diə́
畤	driə́
畤	tiə́
略	liak
畬	jio
畬	shia
畯	cŷn
畲	shia
畸	grie
畸	krie
畺	kiaŋ
畿	giəi
疆	giáŋ
疆	kiaŋ
疇	dryu
疐	têi
疐	trî
疒	dzriaŋ
疒	nrek
疔	teŋ
疘	kuŋ
疙	ŋiət
疚	kyû
疝	srân
疝	sren
疢	thrîn
疣	xyu
疥	krêi
疱	phrâu
疸	tán
疸	tân
疼	doŋ
痀	kyo
痂	kra
痃	xen
症	tiə̂ŋ
痊	chyen
痌	thuŋ
痍	ji
痎	krei
痏	xrýi
痏	xyû
痔	driə́
痛	thûŋ
痟	sieu
痠	suan
痢	lî
痣	tiə̂
痳	lim
痹	pî
痼	kô
瘌	lat
瘍	jiaŋ
瘏	do
瘖	qrim
瘠	dziek
瘡	chriaŋ
瘥	chrê
瘥	cia
瘥	dza
癆	lau
癆	lâu
癆	leu
癇	xren
癌	ŋrem
癘	lâi
癘	liêi
癧	lek
癩	lâi
癩	lat
癯	gyo
癰	qyoŋ
白	brâ
白	brak
百	mrak
百	prak
皂	dzáu
皆	krei
皇	xuaŋ
皇	xyáŋ
皋	kau
皋	ko
皋	xau
皎	kéu
皕	pryək
皚	ŋəi
皛	phrak
皛	xéu
皝	xuáŋ
皞	xáu
皧	qə̂i
皭	ciêu
皭	dziak
皭	qə̂i
皰	brâu
皰	phrâu
皴	chyn
盂	xyo
盅	dryuŋ
盅	thryuŋ
盅	tyoŋ
盈	jieŋ
盒	xəp
盔	khui
盗	dâu
盛	dieŋ
盛	diêŋ
監	kram
監	krâm
盦	qap
盦	qəm
盧	lo
盩	tryu
盪	dáŋ
盪	thaŋ
盪	thâŋ
盬	ko
盬	kó
目	myuk
盯	draŋ
盯	tráŋ
盱	qhyo
盲	mraŋ
盲	myâŋ
直	driə̂
直	driək
相	siaŋ
相	siâŋ
盻	ŋêi
盻	phrên
盻	xêi
省	sién
省	siéŋ
省	sriéŋ
眄	mén
眄	mên
眇	miéu
眇	miêu
眉	mryi
眚	sriéŋ
真	tin
眩	xruên
眩	xuen
眩	xuên
眯	méi
眯	mî
眱	ji
眳	méŋ
眳	miéŋ
眶	khyaŋ
着	driak
着	triak
睁	dziéŋ
睅	xruán
睍	xén
睛	chéŋ
睛	chiéŋ
睛	cieŋ
睞	lə̂i
睦	myuk
睨	ŋêi
睹	tó
睾	kau
瞖	qêi
瞬	shŷn
瞯	krên
瞯	xrán
瞯	xren
瞼	kriém
瞽	kó
瞿	gyo
瞿	kyô
矑	lo
矩	kyó
矯	kriéu
石	diek
矴	têŋ
矻	khret
矻	khət
矼	khroŋ
矼	khûŋ
矼	kroŋ
砌	chêi
研	ŋen
研	ŋên
砡	ŋyok
砡	ŋyuk
砮	no
砮	nó
砲	phrâu
砷	shin
硃	tyo
硎	khraŋ
硎	xeŋ
硐	duŋ
硐	dúŋ
硐	dûŋ
硝	sieu
硨	thia
硪	ŋa
硪	ŋá
硪	ŋrié
硯	ŋên
碁	giə
碇	têŋ
碍	ŋə̂i
碘	tén
碞	ŋrem
碞	ŋrim
碧	priek
碩	diek
碭	daŋ
碭	dâŋ
確	khrok
碻	khrau
碻	khrok
磁	dzi
磁	dziə
磅	baŋ
磅	bâŋ
磅	phaŋ
磅	phraŋ
磋	cha
磋	châ
磓	tui
磔	trak
磠	ló
磬	khêŋ
磯	kiəi
磲	gio
礐	khrok
礐	lrek
礐	xok
礐	xuk
礒	ŋrié
礦	kruáŋ
礪	liêi
礫	lek
礮	phrâu
礼	léi
社	diá
祆	qhen
祈	giəi
祉	thriə́
祉	tiə́
祊	praŋ
祏	diek
祐	xyû
祜	xó
神	zhin
祫	xrep
祺	giə
祼	kuân
禀	lím
禀	prím
禁	krim
禁	krîm
禋	qin
禎	trieŋ
禕	qrie
禚	tiak
禛	tin
禦	ŋió
禧	qhiə
禮	léi
禴	jiak
禹	xyó
禼	siet
禽	grim
秀	syû
秆	kán
秈	sien
秋	chyu
种	dryuŋ
秒	miéu
秝	lek
秤	thiəŋ
秤	thiə̂ŋ
秩	drit
秫	zhyt
秬	gió
秸	kret
稂	laŋ
稃	phyo
稈	kán
程	drieŋ
稌	dó
稌	tho
稌	thó
稍	srâu
税	jyet
税	shyêi
税	syêi
税	thuâi
税	thuân
税	thuat
稑	lyuk
稔	ním
稘	kiə
稙	diək
稙	triək
稠	deu
稠	dêu
稠	dryu
稱	thiəŋ
稱	thiə̂ŋ
稼	krâ
稽	kei
稽	khéi
穅	khaŋ
穆	myuk
穊	krî
穌	so
穎	jyéŋ
穟	zŷi
穡	sriək
穢	qyâi
穱	crok
究	kyû
穸	ziek
穹	khyuŋ
空	khuŋ
空	khúŋ
空	khûŋ
穽	dziéŋ
穽	dziêŋ
穿	thyen
穿	thyên
窒	det
窒	net
窒	tet
窒	trit
窔	qêu
窖	krâu
窘	grýn
窟	khut
窨	qrîm
窮	gyuŋ
窮	kyuŋ
窯	jieu
窺	khye
窺	khyé
窾	khuán
竇	dû
竇	duk
竊	chet
立	lip
立	xrŷi
竘	khú
竘	khyó
竣	chyn
竫	dziéŋ
競	griêŋ
竹	tryuk
竺	tok
竺	tryuk
竺	tuk
竽	xyo
竿	kan
竿	kán
竿	kân
笄	kei
笈	chrep
笈	giap
笈	griep
笈	grip
笋	sýn
笏	myún
笏	qhut
笑	siêu
笙	srieŋ
笛	dek
笠	lip
笨	bún
笨	pún
笪	tán
笪	tân
笪	tat
笯	no
笯	nô
笯	nra
笱	kú
笳	kra
笹	shiêi
筅	sén
筆	pryt
筇	gyoŋ
等	tə́i
等	tə́ŋ
筌	chyen
筐	khyaŋ
筑	dryuk
筑	tryuk
筒	duŋ
筒	dûŋ
答	təp
筝	creŋ
筤	laŋ
筤	lâŋ
筥	kió
筦	kuán
筧	kén
筩	duŋ
筮	diêi
筲	srau
箅	pêi
箇	kâ
箍	ko
箒	tyú
箔	bak
箕	kiə
箖	lim
箛	ko
箜	khuŋ
管	kuán
箬	niak
箱	siaŋ
箲	sén
箸	driô
箸	triak
箸	triô
篁	xuaŋ
築	tryuk
篋	khep
篔	xyun
篤	tok
篥	lit
篨	drio
篳	pit
簉	chryû
簏	luk
簡	krén
簣	grŷi
簣	khruêi
簧	xuaŋ
簳	kán
簽	chiem
籃	lam
籊	dek
籊	thek
籌	dryu
籐	dəŋ
籟	lâi
籥	jiak
籩	pen
籲	jyô
米	méi
粁	chenméi
粂	kyúméi
粍	xauméi
粒	lip
粔	gió
粕	phak
粢	ci
粢	dzi
粧	criaŋ
粮	liaŋ
粱	liaŋ
精	cieŋ
精	ciêŋ
糀	qhrua
糊	xo
糎	liəméi
糕	kau
糖	daŋ
糙	châu
糞	pyûn
糠	khaŋ
糧	liaŋ
糲	lâi
糲	lat
糲	liêi
糴	dek
糶	dêu
糶	thêu
糸	mek
糸	siə
系	xêi
糾	kíu
糾	kriéu
紀	kiə́
紂	dryú
紃	zhyn
紃	zyn
紅	kuŋ
紅	xuŋ
紆	qyo
紇	xet
紇	xiət
紇	xət
紈	xuan
紊	myûn
紋	myun
納	nəp
紐	nryú
紓	shio
紓	zhió
紕	bie
紕	phi
紕	pí
紕	pî
紕	thiə́
級	krip
紜	xyun
紡	phyáŋ
紩	drit
紬	dryu
紬	thryu
紮	cret
紲	jiêi
紲	siet
紳	shin
紺	kə̂m
絀	tryt
終	tyuŋ
絃	qhuên
絃	xen
絆	pân
絇	gyo
絇	kyô
絈	mrak
絎	xrâŋ
絏	siet
結	kêi
結	ket
絞	kráu
絞	xrau
絡	lak
絢	qhuên
給	krip
絧	duŋ
絧	dûŋ
絪	qin
絮	nrâ
絮	nriô
絮	siô
絮	thriô
絰	det
統	thôŋ
絲	siə
絶	dzyet
絿	gyu
綃	sieu
綃	srau
綉	syû
綉	thû
綝	lim
綝	srim
綝	thrim
綢	dryu
綢	thau
綦	giə
綪	chên
綪	creŋ
綬	dyú
綬	dyû
維	jyi
綯	dau
綱	kaŋ
網	myáŋ
綹	lyú
綻	drên
綾	liəŋ
緄	kún
緊	kín
緒	zió
緗	siaŋ
緘	krem
緤	siet
緥	páu
緩	xuán
緬	mién
緻	drî
縠	xuk
縢	dəŋ
縮	sryuk
縴	khen
縴	khên
縺	len
繖	sán
繖	sân
繡	syû
繢	xûi
繦	kiáŋ
繪	xuâi
繭	kén
繮	kiaŋ
纆	mək
纈	xet
纊	khuâŋ
續	zyok
纏	drien
纏	driên
纑	lo
纜	lâm
缶	pyú
缸	xroŋ
缿	xróŋ
罄	khêŋ
罇	cun
罋	qûŋ
罋	qyoŋ
罎	dəm
罐	kuân
网	myáŋ
罔	myáŋ
罕	qhán
罕	qhân
罛	ko
罟	kó
罭	xryək
置	triə̂
罱	lə́m
罱	nə́m
署	diô
罻	qyûi
罽	kriêi
羇	krie
羈	krie
羑	jyú
羔	kau
羖	kó
羞	syu
群	gyun
義	ŋrie
義	ŋriê
羲	qhrie
羶	shien
羹	kraŋ
羹	laŋ
羿	ŋêi
翊	jiək
翌	jiək
翕	qhrip
翟	dek
翟	drak
翥	tiô
翮	lek
翮	xrek
翱	ŋau
翽	qhuâi
耀	jiêu
者	tiá
耇	kú
耋	det
耔	ciə́
耕	kreŋ
耘	xyun
耰	qyu
耳	niə́
耳	niəŋ
耻	thriə́
耿	kréŋ
聊	leu
聒	kuat
聘	phiêŋ
聞	myun
聞	myûn
聯	lien
聱	ŋau
聱	ŋrau
聱	ŋriu
聲	shieŋ
聵	ŋruêi
聿	jyt
肄	jî
肆	jî
肆	sî
肆	thek
肉	nyû
肉	nyuk
肋	lək
肓	qhuaŋ
肖	sieu
肖	siêu
肘	tryú
肚	dó
肚	tó
肛	kroŋ
肛	qhroŋ
肛	xuŋ
肜	jyuŋ
肝	kan
股	kó
肢	tie
肥	byui
肩	ken
肩	xen
肪	byaŋ
肪	pyaŋ
肬	xyu
肭	nruet
肭	nryuk
肭	nut
育	jyuk
胃	xyûi
胄	dryû
胆	dan
胆	tám
胖	ban
胖	phân
胖	phrôŋ
胜	chiêŋ
胜	seŋ
胜	sriéŋ
胞	brau
胞	phrau
胞	prau
胡	xo
胤	jîn
胰	ji
胱	kuaŋ
胳	kak
胳	krak
胴	dûŋ
胶	xrau
胸	qhyoŋ
脆	chyêi
脊	ciek
脊	dziek
脘	kuán
脝	qhraŋ
脬	phrau
脹	triâŋ
腆	thén
腊	siek
腋	jiek
腎	dín
腔	khroŋ
腥	seŋ
腥	sêŋ
腩	nə́m
腱	gian
腱	giân
腱	kian
腴	jyo
腸	driaŋ
腹	pyuk
腿	thúi
膀	baŋ
膂	lió
膋	leu
膩	nrî
膻	dán
膻	shien
膾	kuâi
臀	dun
臆	qiə́
臆	qiək
臉	chiem
臉	kriém
臉	lrém
臘	lap
臘	liep
臟	dzâŋ
臡	na
臡	nei
臡	niʼei
臣	din
臤	khen
臤	khîn
臤	khren
臤	xen
臧	caŋ
臧	dzaŋ
臧	dzâŋ
臨	lim
臨	lîm
臱	mien
至	tî
致	drî
致	trî
臺	dəi
臼	gyú
臾	grŷi
臾	jyo
臾	jyó
臾	jyóŋ
舅	gyú
舊	gyû
舍	shiá
舍	shiâ
舍	shiek
舒	shio
舛	shiəŋ
舛	thyén
舜	shŷn
舟	tyu
舡	qhroŋ
舫	pâŋ
舫	pyaŋ
舫	pyâŋ
舳	dryuk
舶	brak
舷	xen
艅	jio
艎	xuaŋ
艤	ŋrié
艦	xrám
艪	ló
艫	lo
良	liaŋ
良	liáŋ
色	sriək
艸	cháu
艽	gryi
艽	gyu
艽	krau
芄	xuan
芈	mié
芊	chen
芊	chên
芋	qho
芋	xyo
芋	xyô
芎	khyuŋ
芑	khiə́
芒	maŋ
芒	myaŋ
芒	qhuáŋ
芝	tiə
芟	sram
芡	griém
芥	krâi
芥	krêi
芧	drió
芧	zió
芨	krip
芩	grim
芪	gie
芫	ŋyan
芮	nyêi
芰	griê
花	qhrua
芳	phyaŋ
芴	myut
芴	qhut
芷	tiə́
芸	xyun
芹	giən
芽	ŋra
苙	grip
苙	lip
苛	qha
苛	xa
苛	xá
苜	myuk
苞	prau
苟	kú
苡	jiə́
苣	gió
若	nia
若	niá
若	niak
苦	khó
苦	khô
苦	kó
苯	pún
茁	cruet
茁	cryet
茁	kryt
茁	tryt
茄	gia
茄	kra
茗	méŋ
茜	chên
茜	sei
茢	liet
茨	dzi
茫	maŋ
茭	kek
茭	krau
茭	xráu
茯	byuk
茱	dyo
茳	kroŋ
茴	xui
茵	qin
茶	dra
茸	nyoŋ
茸	nyóŋ
茹	nio
茹	nió
茹	niô
茺	thyuŋ
荃	chyen
荅	thəp
荅	təp
荆	krieŋ
荇	xráŋ
荈	thyén
草	cháu
荍	gieu
荍	grieu
荐	dzên
荒	qhuaŋ
荒	qhuáŋ
荒	qhuâŋ
荷	qha
荷	xa
荷	xá
荻	dek
荼	do
荼	dra
荼	shio
荼	zhia
荾	syi
莅	lî
莊	criaŋ
莍	gyu
莒	kió
莕	xráŋ
莙	kryn
莧	xên
莧	xrên
莧	xruán
莨	laŋ
莨	lâŋ
莪	ŋa
菁	ceŋ
菁	cheŋ
菁	cieŋ
菟	do
菟	thô
華	khrua
華	qhrua
華	xrua
華	xruâ
菰	ko
菱	liəŋ
菽	shyuk
菾	dem
萄	dau
萇	driaŋ
萊	ləi
萊	lə̂i
萩	chyu
萬	myân
萸	jyo
落	lak
葀	kuat
葆	pau
葆	páu
葉	jiep
葉	shiep
葍	pyuk
葎	lyt
著	driak
著	drio
著	drió
著	triak
著	trió
著	triô
葙	siaŋ
葛	kat
葛	xat
董	túŋ
葦	xyúi
葦	xyûi
葫	qho
葫	xo
葬	câŋ
葰	cŷn
葰	sruá
葰	suá
葰	syi
葳	qyui
葶	deŋ
葶	téŋ
蒔	diə
蒔	diə̂
蒗	lâŋ
蒟	kyó
蒟	kyô
蒡	braŋ
蒡	páŋ
蒨	chên
蒯	khruêi
蒴	srok
蒻	niak
蓆	ziek
蓇	kut
蓉	jyoŋ
蓏	luá
蓮	len
蓮	lién
蓺	ŋiêi
蓽	pit
蓿	syuk
蔆	liəŋ
蔗	tiâ
蔚	qyûi
蔚	qyut
蔣	ciaŋ
蔣	ciáŋ
蔭	qrim
蔭	qrîm
蔻	qhû
蕓	xyun
蕕	jyu
蕖	gio
蕗	lô
蕢	grŷi
蕢	khruêi
蕢	khûi
蕣	shŷn
蕨	kyat
蕩	dáŋ
蕩	thaŋ
蕩	thâŋ
蕳	kren
蕷	jiô
蕻	xûŋ
薅	qhau
薆	qə̂i
薈	quâi
薌	qhiaŋ
薌	qhiáŋ
薏	qiə̂
薏	qiək
薑	kiaŋ
薔	dziaŋ
薔	sriək
薟	liem
薟	liém
薟	qhiam
薯	diô
薳	xryé
薶	mrei
薶	qua
薹	dəi
薿	ŋiə́
藍	lam
藏	caŋ
藏	dzaŋ
藏	dzâŋ
藚	zyok
藝	ŋiêi
藤	dəŋ
藭	gyuŋ
藶	lek
藷	diô
藷	tio
藺	lîn
蘅	xraŋ
蘇	so
蘌	ŋió
蘞	liem
蘞	liém
蘞	qhiam
蘤	xryé
蘭	lan
虍	qho
虎	qhó
虓	qhrau
虔	grien
虞	ŋyo
號	xau
號	xâu
號	xo
虫	dryuŋ
虫	qhyúi
虬	griu
虹	krôŋ
虹	kûŋ
虹	xuŋ
虹	xûŋ
虻	mraŋ
蚊	myun
蚋	jyêi
蚋	nyêi
蚋	nyet
蚕	dzəm
蚕	thén
蚘	xui
蚛	dryûŋ
蚩	thiə
蚪	tú
蚯	khyu
蚰	jyu
蚿	xen
蛄	ko
蛔	xui
蛕	qhúi
蛕	xui
蛛	tryo
蛟	krau
蛣	khet
蛣	khit
蛤	kəp
蛩	gyoŋ
蛩	kyóŋ
蛭	det
蛭	tet
蛭	tit
蛭	trit
蛸	sieu
蛸	srau
蛹	jyóŋ
蛾	ŋa
蛾	ŋrié
蜁	zyen
蜆	khên
蜆	qhén
蜆	xen
蜆	xén
蜈	ŋo
蜉	byu
蜋	laŋ
蜋	liaŋ
蜍	dio
蜍	jio
蜩	deu
蜫	kun
蜰	byui
蜰	pyúi
蜻	cheŋ
蜻	cieŋ
蝗	xruaŋ
蝗	xruâŋ
蝗	xuaŋ
蝟	xyûi
蝠	pyuk
蝣	jyu
蝲	lat
蝴	xo
蝶	dep
蝶	thep
螂	laŋ
螃	baŋ
螃	páŋ
螃	pâŋ
螈	ŋyan
融	jyuŋ
螗	daŋ
螣	drím
螣	dək
螣	dəŋ
螫	shiek
螯	ŋau
螲	tet
螲	trit
螽	tyuŋ
螿	ciaŋ
蟂	keu
蟣	giəi
蟣	kiə́i
蟥	xuaŋ
蟲	doŋ
蟲	dryuŋ
蟲	dryûŋ
蟺	da
蟺	dién
蟺	diên
蟻	ŋrié
蠆	thrâi
蠟	lap
蠣	liêi
蠱	jiá
蠱	kó
蠹	tô
衁	qhuaŋ
衆	tyuŋ
衆	tyûŋ
行	xaŋ
行	xâŋ
行	xraŋ
行	xrâŋ
衎	khán
衎	khân
衒	xuên
術	zhyt
術	zŷi
衕	duŋ
衕	dûŋ
衖	lûŋ
衖	xrôŋ
衙	ŋio
衙	ŋió
衙	ŋiô
衙	ŋra
衙	ŋrâ
衚	xo
衛	xryêi
衡	xraŋ
衡	xruaŋ
衢	gyo
衣	qiəi
衣	qiə̂i
衫	sram
衱	griep
衱	kiap
衲	nəp
衵	nit
衵	nrit
衷	tryuŋ
衷	tryûŋ
衾	khrim
衿	grîm
衿	krim
袁	xyan
袈	kra
袌	bau
袌	báu
袌	bâu
袍	bau
袒	dán
袒	drên
袖	zyû
袠	drit
袢	byan
袷	khrep
袷	kiap
袷	krep
袺	ket
袺	kret
袽	nrio
袿	kuei
裀	qin
裂	liet
裎	drieŋ
裎	thriéŋ
裏	liə́
裒	bu
裒	pau
裔	jiêi
裘	gyu
裙	gyun
裛	qiap
裛	qriep
裛	qrip
裝	criaŋ
裝	criâŋ
裯	dryo
裯	dryu
裯	tau
裾	kio
裾	kiô
褒	pau
褓	páu
褖	thuân
褚	thrió
褚	tiá
褚	trió
褡	tap
褡	təp
褧	khuéŋ
褰	khrien
褲	khô
褻	siet
襁	kiáŋ
襇	krên
襚	zŷi
襟	krim
襢	dán
襢	trién
襢	triên
襤	lam
襦	nyo
襫	shiek
襭	xet
西	sei
見	kên
見	krên
見	xên
規	kye
規	kyê
覬	krî
覲	grîn
覺	krâu
覺	krok
覽	lám
覿	dek
觓	griu
觚	ko
觥	kruaŋ
觩	griu
觳	khrok
觳	krok
觳	xuk
觴	shiaŋ
觵	kruaŋ
觼	kuet
言	ŋian
言	ŋrin
訂	deŋ
訂	déŋ
訂	têŋ
訂	theŋ
訄	gyu
訄	khau
訄	khyu
計	kêi
訌	xuŋ
訌	xûŋ
討	tháu
訐	kiat
訐	kriêi
訐	kriet
訓	qhyûn
訕	sran
訕	srân
訖	kiət
記	kiə̂
訛	ŋua
訢	ŋrin
訢	qhiə
訢	qhiən
訣	kuet
訥	nut
訧	xyu
訩	qhyoŋ
訪	phyâŋ
訪	pyaŋ
設	shiet
許	qhió
許	qhó
訵	thri
訵	thrî
訶	qha
訹	syt
証	tiêŋ
詁	kó
詎	gió
詎	giô
詘	khyut
詘	thryt
詠	xryêŋ
詣	ŋêi
詩	shiə
詬	khû
詬	kú
詬	qhû
詬	xû
詮	chyen
詰	khit
該	kəi
詵	srin
詼	khui
誅	tryo
誆	gyâŋ
誇	khrua
誌	tiə̂
誑	kyâŋ
誚	dziêu
語	ŋió
語	ŋiô
誠	dieŋ
誡	krêi
誣	myo
誤	ŋô
誦	zyôŋ
誨	qhûi
誼	ŋriê
誾	ŋrin
調	deu
調	dêu
調	tryu
請	chiéŋ
請	dzieŋ
請	dziêŋ
諌	túŋ
諍	creŋ
諍	crêŋ
諒	liâŋ
諗	shím
諛	jyo
諜	dep
諧	xrei
諮	ci
諳	qəm
諸	dio
諸	tia
諸	tio
諺	ŋriên
謂	xyûi
謄	dəŋ
謇	krién
謌	ka
謎	mêi
謗	pâŋ
謝	ziâ
謦	khéŋ
謷	ŋau
謷	ŋâu
謷	ŋrau
譁	ŋrua
譁	qhrua
譁	xrua
譆	qhiə
譈	dûi
譌	ŋua
譎	kuet
譏	kiəi
譜	pó
警	kriéŋ
議	ŋriê
譵	drŷi
讀	dû
讀	duk
讆	xryêi
讎	dyu
讟	duk
谼	xuŋ
谽	qhəm
豇	kroŋ
豈	khiə́i
豈	khə́i
豊	léi
豊	phyuŋ
豕	shié
豢	xruân
豪	xau
豫	jiô
豫	ziâ
貂	teu
貅	qhyu
貉	mrâ
貉	mrak
貉	xak
貊	mrak
貍	liə
貍	mrei
貍	qyut
貝	pâi
貞	trieŋ
負	byú
貢	kûŋ
貨	qhuâ
貪	thəm
貫	kruân
貫	kuan
貫	kuân
貫	qruan
貰	shiêi
貰	zhiâ
貳	nî
貴	kyûi
貺	qhyâŋ
賂	lô
賄	qhúi
賅	kəi
資	cei
資	ci
賒	shia
賕	gyu
賙	tyu
賚	lə̂i
賡	kraŋ
賢	xen
賫	cei
賭	tó
賴	lâi
賸	jiə̂ŋ
賸	zhiə̂ŋ
贇	pryn
贇	qryn
贏	jieŋ
贔	brŷi
贖	zhyok
贜	caŋ
赤	thiek
赦	shiâ
赩	qhiək
赫	qhek
赫	qhrak
赬	thrieŋ
赭	tiá
赯	daŋ
赳	kíu
赶	gian
赶	gyat
赶	kán
起	khiə́
越	xuat
越	xyat
趑	chi
趕	kán
趗	chuk
趗	chyok
趙	déu
趙	driéu
趯	jiak
趯	thek
足	cyô
足	cyok
趼	kén
趼	ŋen
趼	ŋên
趾	tiə́
跇	diêi
跇	jiêi
跇	thriêi
跌	det
跏	kra
跑	brau
跑	brok
跔	kyo
跖	tiek
距	gió
跠	ji
跡	ciek
跣	sen
跣	sén
跤	khrau
跤	krau
跦	dryo
跦	tryo
跩	thriêi
跫	gyoŋ
跫	khroŋ
路	lak
路	lô
跱	driə́
跼	gyok
跽	grí
踆	chyn
踆	dzun
踉	laŋ
踉	liaŋ
踉	liâŋ
踊	jyóŋ
踞	kiô
踱	dak
踴	jyóŋ
踽	khyó
踽	kyó
蹀	dep
蹀	sep
蹇	khrien
蹇	kián
蹇	krién
蹈	dâu
蹉	cha
蹐	ciek
蹕	pit
蹜	sryuk
蹟	ciek
蹠	tiek
蹡	chiaŋ
蹡	chiâŋ
蹰	dryo
蹲	chyn
蹲	chýn
蹲	dzun
蹲	dzún
蹶	gyat
蹶	kryêi
蹶	kryet
蹶	kyat
躇	drio
躇	thriak
躊	dryu
躍	jiak
躍	thek
躐	liep
躔	drien
躗	qhruêi
躗	xruâi
躞	sep
躪	lîn
身	jyen
身	shin
躬	kyuŋ
躰	théi
躳	kyuŋ
車	kio
車	thia
軌	krýi
軑	dâi
軑	dêi
軒	qhian
軒	qhiân
軝	gie
軸	dryuk
軼	det
軼	driet
軼	jit
較	krâu
較	krok
輅	lô
輅	ŋrâ
輅	xrak
輇	dyen
輈	tryu
輊	trî
輞	myáŋ
輦	lién
轅	xyan
轆	luk
轖	sriək
轞	xrám
轤	lo
辜	ko
辜	kô
辣	lat
辵	thriak
辻	dip
込	nip
达	dat
达	thêi
迁	chen
迂	qyo
迂	qyó
迂	xyo
迄	qhiət
迕	ŋó
迕	ŋô
迪	dek
迫	prak
迭	det
迭	jit
述	zhyt
迴	xui
迴	xûi
迵	dûŋ
迷	mei
迹	ciek
追	tryi
追	tui
退	thûi
逃	dau
逅	xû
逍	sieu
透	shyuk
透	thû
逑	gyu
途	do
逖	thek
這	ŋriên
這	tiá
通	thuŋ
逛	kyáŋ
逞	jieŋ
逞	thriéŋ
造	châu
造	dzáu
逡	chyn
逡	sŷn
連	lien
連	lién
週	tyu
逵	gryi
逷	thek
逸	jit
逼	pryək
遂	zŷi
遊	jyu
運	xyûn
遑	xuaŋ
道	dáu
道	dâu
遠	xyán
遠	xyân
遨	ŋau
遮	tia
遮	tiá
遵	cyn
遺	jyi
遺	jŷi
遼	leu
邁	mrâi
邃	sŷi
還	xruan
還	xruân
還	zyen
邅	drien
邅	drién
邅	driên
邅	trien
邊	pen
邍	ŋyan
邑	qrip
邑	qəp
邕	qyoŋ
邗	kan
邗	xan
邘	xyo
邙	maŋ
邙	myaŋ
邛	gyoŋ
邡	phyâŋ
邡	pyaŋ
邢	khen
邢	kréŋ
邢	xeŋ
邮	dek
邮	jyu
邯	xan
邱	khyu
邽	kuei
邾	tryo
邿	shiə
郁	qyuk
郃	kəp
郃	xəp
郅	kit
郅	tit
郈	xú
郊	krau
郎	laŋ
郚	ŋo
郛	phyo
郝	qhak
郝	shiek
郝	thiek
郡	gyûn
郢	jiéŋ
郲	lúi
郲	ləi
郴	thrim
郵	xyu
都	to
鄀	niak
鄆	xyûn
鄖	xyun
鄘	jyoŋ
鄜	luk
鄜	phyo
鄭	driêŋ
鄴	ŋiap
鄶	kuâi
鄺	kuáŋ
鄺	qhuaŋ
酊	téŋ
酌	tiak
配	phûi
酎	dryû
酓	qêm
酓	qiém
酓	qrím
酗	qhyô
酘	dû
酤	ko
酤	kô
酤	xó
酥	so
酧	dyu
酩	méŋ
酪	lak
酬	dyu
酮	duŋ
酮	dúŋ
酲	drieŋ
酴	do
酵	krâu
酷	khok
酸	suan
醐	xo
醒	seŋ
醒	séŋ
醒	sêŋ
醝	dza
醢	qhə́i
醬	ciâŋ
醴	léi
醷	qiə́
醷	qiək
醷	qrêi
釂	ciêu
釉	jyû
里	liə́
野	dió
野	jiá
量	liaŋ
量	liâŋ
釐	liə
釐	ləi
釐	lə̂i
釐	qhiə
金	krim
釘	teŋ
釘	têŋ
針	tim
針	tîm
釦	khú
釧	thyên
釪	xyo
釬	xân
釭	koŋ
釭	kroŋ
釭	kuŋ
鈁	pyaŋ
鈃	ken
鈃	xeŋ
鈄	thú
鈅	ŋyat
鈉	nəp
鈉	nyêi
鈎	gyo
鈎	ku
鈐	griem
鈔	chrau
鈔	chrâu
鈔	miéu
鈕	nryú
鈷	kó
鈿	den
鈿	dên
鉄	drit
鉄	thet
鉅	gió
鉉	xen
鉉	xuén
鉋	brau
鉋	brâu
鉋	brok
鉛	jyen
鉞	xyat
鉢	pat
鉥	syt
鉥	zhyt
鉦	tieŋ
鉮	zhin
鉶	xeŋ
鉸	krau
鉸	kráu
鉸	krâu
鉻	kak
鉻	krak
鉻	lak
鉿	khəp
鉿	krep
鉿	kəp
鉿	qha
銀	ŋrin
銃	thyûŋ
銅	duŋ
銍	tit
銍	trit
銎	khyoŋ
銎	qhyoŋ
銑	sén
銓	chyen
銖	dyo
銗	xróŋ
銗	xu
銘	meŋ
銛	kuat
銛	siem
銛	thém
銜	xram
銶	gyu
銷	sieu
鋁	lió
鋃	laŋ
鋙	ŋio
鋙	ŋió
鋙	ŋo
鋥	drâŋ
鋩	myaŋ
鋰	liə́
鋸	kiô
鋼	kaŋ
鋼	kâŋ
錆	chiaŋ
錕	kun
錕	kún
錚	chreŋ
錠	dêŋ
錠	dzrau
錠	têŋ
錦	krím
錮	kô
錯	chak
錯	chô
鍍	do
鍍	dô
鍰	xruan
鍱	jiep
鍱	qhriep
鎊	bâŋ
鎊	phaŋ
鎔	jyoŋ
鎖	suá
鎘	lek
鎚	dryi
鎚	drŷi
鎚	tui
鎛	pak
鎡	ciə
鎰	jit
鏈	lien
鏈	liên
鏈	thrien
鏊	ŋâu
鏖	qau
鏗	khreŋ
鏘	chiaŋ
鏞	jyoŋ
鏡	kriêŋ
鏵	xrua
鏹	kiáŋ
鐄	xruaŋ
鐍	kuet
鐏	cun
鐏	dzûn
鐓	dûi
鐓	tui
鐓	tun
鐶	xruan
鑒	kram
鑒	krâm
鑛	kruáŋ
鑞	lap
鑪	lo
鑰	jiak
鑵	kuân
長	driaŋ
長	driâŋ
長	triáŋ
門	mun
閆	jiem
閈	xân
閉	pêi
閉	pet
開	khəi
閏	nŷn
閑	xren
閒	xren
間	kren
間	krên
閔	mryn
閔	mrýn
閣	kak
閤	kəp
閤	xap
閨	kuei
閩	mryn
閩	myun
閫	khún
閬	laŋ
閬	láŋ
閬	lâŋ
閬	liáŋ
閭	lio
閲	jyet
閵	lîn
闇	qəm
闇	qə́m
闇	qə̂m
闉	qin
闌	lan
闍	dia
闍	to
闕	gyat
闕	khyat
闚	khye
關	kruan
關	qruan
闠	xûi
闤	xruan
阜	byú
阞	lək
阡	chen
阧	tú
阩	shiəŋ
阯	tiə́
阱	dziéŋ
防	byaŋ
防	byâŋ
陋	lû
陌	mrak
陔	kəi
陞	shiəŋ
陟	triək
陟	tək
陡	tú
除	drio
除	driô
除	jio
除	shio
陰	qrim
陰	qrîm
陰	qəm
陵	liəŋ
陶	dau
陶	dâu
陶	jieu
陸	lyuk
陻	qin
陽	jiaŋ
隅	ŋyo
隊	drŷi
隊	dûi
隊	zŷi
隍	xuaŋ
階	krei
隕	xryen
隕	xrýn
隙	khriek
隤	dui
隧	drŷi
隧	zŷi
險	griém
險	ŋram
險	qhriém
隸	jî
隸	lêi
雀	ciak
雇	kô
雇	xó
雈	xuan
雊	kû
雍	qyoŋ
雍	qyóŋ
雍	qyôŋ
雒	lak
雔	dyu
雕	teu
雞	kei
難	na
難	nan
難	nân
雨	xyó
雨	xyô
雩	qhyo
雩	xyo
雩	xyô
雫	nruá
雫	xrá
雯	myun
雱	phaŋ
雲	xyun
雹	brok
電	dên
霂	muk
霄	sieu
霖	lim
霜	sriaŋ
霣	xrýn
霰	sên
露	lô
霶	phaŋ
霾	mrei
靂	lek
青	ceŋ
青	cheŋ
靖	cieŋ
靖	dziéŋ
静	crêŋ
静	dziéŋ
靚	dziêŋ
面	miên
靦	mén
靦	thén
靧	qhûi
革	kiək
革	krek
靴	qhya
靸	sap
靸	səp
靼	tat
靼	thán
靼	tiet
靽	pân
鞀	dau
鞄	brau
鞄	bráu
鞄	brâu
鞄	phrok
鞄	prau
鞈	krep
鞈	kəp
鞈	thəp
鞉	dau
鞍	qan
鞏	kyóŋ
鞘	siêu
鞘	srau
鞚	khûŋ
鞟	khuak
鞦	chyu
鞳	thap
鞾	qhya
鞿	kiəi
韁	kiaŋ
韓	xan
韔	thriâŋ
韘	sep
韘	shiep
韙	xyúi
韠	pit
韡	xyúi
音	qrim
韻	xrŷn
韻	xyûn
韽	qrêm
韽	qəm
響	qhiáŋ
頁	jiep
頁	xet
頂	téŋ
頃	khyé
頃	khyeŋ
頃	khyéŋ
項	xróŋ
順	zhŷn
頇	ŋân
頇	ŋat
頇	qhan
須	syo
頊	ŋyok
頊	qhyok
預	jiô
頓	tûn
頓	tut
頖	phân
頜	khəp
頜	kəp
頜	xə́m
頡	kret
頡	xet
頮	qhûi
頵	kryn
頵	ŋrýn
頵	qryn
頷	xəm
頷	xə́m
頽	dui
額	ŋrak
顓	tyen
願	ŋyân
顧	kô
顫	shien
顫	tiên
顬	nyo
顯	qhén
顱	lo
颮	brau
颮	phrok
颮	pieu
颯	lip
颯	səp
颺	jiaŋ
颺	jiâŋ
颽	khə́i
飣	têŋ
飩	dun
飲	qrím
飲	qrîm
飽	práu
餈	dzi
餉	shiáŋ
餉	shiâŋ
餌	niə̂
餓	ŋâ
餕	cŷn
餘	jio
餛	kun
餛	xun
館	kuán
館	kuân
餬	xo
餳	daŋ
餳	zieŋ
餹	daŋ
餺	pak
餻	kau
餼	qhiə̂i
饆	pit
饉	grîn
饊	sán
饋	grŷi
饑	kiəi
饔	qyoŋ
饕	thau
饗	qhiáŋ
饘	tien
饘	tién
首	shyú
首	shyû
馗	gryi
馗	gyu
香	qhiaŋ
馨	qheŋ
馭	ŋiô
馱	da
馱	dâ
馴	qhyûn
馴	zyn
馹	nit
駃	khruâi
駃	kuet
駑	no
駒	kyo
駟	sî
駪	srin
駮	prok
駱	lak
駼	do
駾	thuâi
駿	cŷn
騀	ŋá
騁	thriéŋ
騊	dau
騋	ləi
騎	grie
騎	griê
騎	qrié
騏	giə
騫	khiân
騫	khrien
騫	krién
騫	qhian
騭	tit
騰	dəŋ
騵	ŋyan
驁	ŋau
驁	ŋâu
驊	xrua
驗	ŋriêm
驚	krieŋ
驥	krî
驦	sriaŋ
骨	kut
骭	kân
骭	xrân
骰	du
骸	xrei
骹	khrau
骹	qhrau
骼	krak
髈	baŋ
髈	pháŋ
髒	caŋ
髒	cáŋ
體	théi
髟	pieu
髟	piêu
髟	piu
髟	sram
髣	phyáŋ
髹	qhyu
髻	kêi
髻	ket
鬍	xo
鬚	syo
鬟	xruan
鬣	liep
鬥	tû
鬨	xrôŋ
鬨	xûŋ
鬭	tû
鬮	kíu
鬮	kyu
鬯	thriâŋ
鬱	qyut
魂	xun
魄	bak
魄	phrak
魄	thak
魈	sieu
魍	myáŋ
魚	ŋio
魯	lió
魯	ló
魴	byaŋ
鮋	dryu
鮋	dyu
鮋	jyu
鮑	bráu
鮑	prau
鮚	grit
鮜	xû
鮣	qîn
鮦	dryóŋ
鮦	dryú
鮦	duŋ
鮪	xrýi
鮫	krau
鯀	kún
鯉	liə́
鯖	cheŋ
鯖	qeŋ
鯖	tieŋ
鯛	teu
鯠	ləi
鯤	kun
鯥	lyuk
鯨	grieŋ
鯪	liəŋ
鰈	dep
鰈	dzrap
鰈	thap
鰍	chyu
鰣	diə
鰧	drím
鰧	dəŋ
鰬	grien
鰯	niak
鰱	lien
鰲	ŋau
鰹	ken
鱂	ciaŋ
鱅	dyoŋ
鱅	jyoŋ
鱒	dzryén
鱒	dzún
鱒	dzûn
鱖	kryêi
鱖	kyat
鱟	qok
鱟	xû
鱠	kuâi
鱣	dién
鱣	trien
鱧	léi
鱸	lo
鳩	kyu
鳬	byo
鳴	mrieŋ
鳶	jyen
鴇	páu
鴝	gyo
鴝	ku
鴝	kû
鴞	xrieu
鴣	ko
鴫	den
鴻	xuŋ
鴻	xúŋ
鴻	xûŋ
鴽	nio
鴽	no
鴿	kəp
鵁	krau
鵁	qhrau
鵂	qhyu
鵐	myo
鵝	ŋa
鵳	ken
鵺	jiâ
鵾	kun
鶄	cheŋ
鶄	cieŋ
鶊	kraŋ
鶋	kio
鶒	thriək
鶖	chyu
鶘	xo
鶱	qhian
鶺	ciek
鷀	ciə
鷀	dziə
鷄	kei
鷓	tiâ
鷮	grieu
鷮	krieu
鷲	dzyû
鷳	xren
鷴	xren
鷺	lô
鷽	qrok
鷽	xrok
鷾	qiə̂
鸇	tien
鸕	lo
鸘	sriaŋ
鸜	gyo
鹵	ló
鹺	dza
鹼	chiem
鹼	krém
鹽	jiem
鹽	jiêm
鹿	luk
麀	qyu
麈	tyó
麋	mryi
麌	ŋo
麌	ŋyó
麒	giə
麓	luk
麖	krieŋ
麝	zhiâ
麝	zhiek
麥	mrek
麩	phyo
麪	mên
麵	mên
黄	xuaŋ
黌	xruaŋ
黍	shió
黑	qhək
黔	griem
黔	grim
默	mək
黜	thryt
黠	xret
黥	grieŋ
黯	qrem
黯	qrém
黷	duk
鼄	tryo
鼇	ŋau
鼎	téŋ
鼓	kó
鼕	doŋ
鼗	dau
鼛	kau
鼠	shió
鼪	srieŋ
鼪	sriêŋ
鼫	diek
鼬	jyû
鼯	ŋo
鼻	bî
鼾	qhan
鼾	xân
齁	qhu
齏	cei
齒	thiə́
齔	chrín
齔	chrîn
齕	xet
齕	xiət
齕	xət
齘	xrêi
齩	ŋráu
齩	xráu
齪	chrok
齬	ŋio
齬	ŋió
齬	ŋo
齲	khyó
龔	kyoŋ
龕	khəm
龜	khyu
龜	kryi
龜	kryn
龜	kyu
龠	jiak
龥	jiak
龥	jyô
𡒄	lə́m
𢦏	cəi
𥫱	dún
𦚢	qya
𧆨	lo
𬇇	dep
